-- phpMyAdmin SQL Dump
-- version 4.8.3
-- https://www.phpmyadmin.net/
--
-- Host: 127.0.0.1:3306
-- Generation Time: Oct 23, 2018 at 08:25 PM
-- Server version: 5.7.23
-- PHP Version: 7.2.10

SET SQL_MODE = "NO_AUTO_VALUE_ON_ZERO";
SET AUTOCOMMIT = 0;
START TRANSACTION;
SET time_zone = "+00:00";


/*!40101 SET @OLD_CHARACTER_SET_CLIENT=@@CHARACTER_SET_CLIENT */;
/*!40101 SET @OLD_CHARACTER_SET_RESULTS=@@CHARACTER_SET_RESULTS */;
/*!40101 SET @OLD_COLLATION_CONNECTION=@@COLLATION_CONNECTION */;
/*!40101 SET NAMES utf8mb4 */;

--
-- Database: `eapi`
--

-- --------------------------------------------------------

--
-- Table structure for table `migrations`
--

DROP TABLE IF EXISTS `migrations`;
CREATE TABLE IF NOT EXISTS `migrations` (
  `id` int(10) UNSIGNED NOT NULL AUTO_INCREMENT,
  `migration` varchar(255) COLLATE utf8_unicode_ci NOT NULL,
  `batch` int(11) NOT NULL,
  PRIMARY KEY (`id`)
) ENGINE=MyISAM AUTO_INCREMENT=5 DEFAULT CHARSET=utf8 COLLATE=utf8_unicode_ci;

--
-- Dumping data for table `migrations`
--

INSERT INTO `migrations` (`id`, `migration`, `batch`) VALUES
(1, '2014_10_12_000000_create_users_table', 1),
(2, '2014_10_12_100000_create_password_resets_table', 1),
(3, '2018_10_23_160111_create_products_table', 1),
(4, '2018_10_23_161117_create_reviews_table', 1);

-- --------------------------------------------------------

--
-- Table structure for table `password_resets`
--

DROP TABLE IF EXISTS `password_resets`;
CREATE TABLE IF NOT EXISTS `password_resets` (
  `email` varchar(255) COLLATE utf8_unicode_ci NOT NULL,
  `token` varchar(255) COLLATE utf8_unicode_ci NOT NULL,
  `created_at` timestamp NULL DEFAULT NULL,
  KEY `password_resets_email_index` (`email`)
) ENGINE=MyISAM DEFAULT CHARSET=utf8 COLLATE=utf8_unicode_ci;

-- --------------------------------------------------------

--
-- Table structure for table `products`
--

DROP TABLE IF EXISTS `products`;
CREATE TABLE IF NOT EXISTS `products` (
  `id` int(10) UNSIGNED NOT NULL AUTO_INCREMENT,
  `name` varchar(255) COLLATE utf8_unicode_ci NOT NULL,
  `detail` text COLLATE utf8_unicode_ci NOT NULL,
  `price` int(11) NOT NULL,
  `stock` int(11) NOT NULL,
  `discount` int(11) NOT NULL,
  `created_at` timestamp NULL DEFAULT NULL,
  `updated_at` timestamp NULL DEFAULT NULL,
  PRIMARY KEY (`id`)
) ENGINE=MyISAM AUTO_INCREMENT=101 DEFAULT CHARSET=utf8 COLLATE=utf8_unicode_ci;

--
-- Dumping data for table `products`
--

INSERT INTO `products` (`id`, `name`, `detail`, `price`, `stock`, `discount`, `created_at`, `updated_at`) VALUES
(1, 'nulla', 'Aut modi animi tempora qui quia sint sunt et. Cum possimus qui beatae illum facere vel. Sint veritatis dolor laborum.', 556, 2, 14, '2018-10-23 14:12:56', '2018-10-23 14:12:56'),
(2, 'asperiores', 'Sint dignissimos reiciendis quia sit. Deserunt non placeat fuga vel voluptatem. Sapiente magni nulla et occaecati qui.', 333, 9, 9, '2018-10-23 14:12:56', '2018-10-23 14:12:56'),
(3, 'facere', 'Quo ab perferendis veritatis consequuntur. Porro ad alias ut quia. Ea earum dolor iure exercitationem aut eveniet ex. Modi odio aliquam veritatis maxime et voluptatem.', 494, 4, 21, '2018-10-23 14:12:56', '2018-10-23 14:12:56'),
(4, 'necessitatibus', 'Culpa accusantium officia rem aspernatur rerum illo nihil. Sequi modi officia cupiditate ullam occaecati in non laborum. Voluptas similique laborum dolor. Modi quia rerum qui animi aliquam perferendis saepe.', 579, 4, 4, '2018-10-23 14:12:56', '2018-10-23 14:12:56'),
(5, 'eum', 'Molestias voluptas et aut. Perspiciatis dolorem ut qui qui voluptatum occaecati ut. Dolor sit eligendi inventore qui. Ut porro voluptatum recusandae excepturi omnis aut qui sequi.', 618, 0, 7, '2018-10-23 14:12:56', '2018-10-23 14:12:56'),
(6, 'et', 'Perferendis recusandae illo voluptatum et quam incidunt. Adipisci officiis quo harum ut assumenda et. Cum aliquid illo amet asperiores sit similique debitis. Voluptas qui perferendis aut dolores.', 725, 8, 4, '2018-10-23 14:12:56', '2018-10-23 14:12:56'),
(7, 'quia', 'Nostrum veritatis et ut. Odio perferendis voluptas sint eos praesentium. Veritatis corrupti accusamus et et accusamus possimus.', 148, 3, 17, '2018-10-23 14:12:56', '2018-10-23 14:12:56'),
(8, 'eius', 'Et enim nihil sunt vel debitis aut et. Et dolor enim at molestiae cum dolor. Tempora quaerat sed doloremque quia. Voluptas vero cum qui officiis eveniet quisquam.', 209, 1, 25, '2018-10-23 14:12:56', '2018-10-23 14:12:56'),
(9, 'eligendi', 'Nam repellendus nemo id. Et dignissimos fuga soluta perspiciatis magni aut accusamus. In cupiditate quasi voluptatem ullam itaque repellendus sunt. Iusto quidem harum molestiae voluptatem sit quae molestiae.', 216, 8, 28, '2018-10-23 14:12:56', '2018-10-23 14:12:56'),
(10, 'atque', 'Quae qui aut fugiat enim. Distinctio in veniam est dolor officiis et aut suscipit. Nihil non officia impedit sequi dicta.', 219, 6, 21, '2018-10-23 14:12:56', '2018-10-23 14:12:56'),
(11, 'molestiae', 'Aut nesciunt dolores quae omnis vitae. Eveniet ut qui explicabo nisi consequatur autem atque harum. Ad dolores id qui sed ut expedita eos.', 307, 7, 28, '2018-10-23 14:12:56', '2018-10-23 14:12:56'),
(12, 'vitae', 'Inventore quaerat quasi repellendus perspiciatis qui est qui. Perspiciatis quidem nam nostrum.', 206, 8, 5, '2018-10-23 14:12:56', '2018-10-23 14:12:56'),
(13, 'ut', 'Iste nobis quod quasi assumenda. Quasi ab delectus non provident voluptatem. Est non quia impedit laudantium quia dignissimos beatae.', 980, 1, 22, '2018-10-23 14:12:56', '2018-10-23 14:12:56'),
(14, 'et', 'Quis sed nisi et quo sint. Ut et nobis facere explicabo qui veniam. Quo id et debitis eius non.', 548, 9, 2, '2018-10-23 14:12:56', '2018-10-23 14:12:56'),
(15, 'quia', 'Earum repellat similique dolorum provident voluptatem. Dolore asperiores eum voluptas ea sapiente ut.', 414, 0, 28, '2018-10-23 14:12:56', '2018-10-23 14:12:56'),
(16, 'eaque', 'In corrupti aliquid nobis eos. Earum veniam sed iure ut ullam id molestias. Voluptate consequuntur aut nobis aliquam ut voluptatem ut.', 754, 7, 29, '2018-10-23 14:12:56', '2018-10-23 14:12:56'),
(17, 'odio', 'Omnis placeat ducimus placeat et distinctio. Autem est perspiciatis dolorem incidunt. Deleniti laboriosam et sequi laborum similique fugiat. Dignissimos sint nam ducimus deserunt molestiae quaerat maxime deleniti.', 303, 9, 5, '2018-10-23 14:12:56', '2018-10-23 14:12:56'),
(18, 'aut', 'Veniam fugiat ipsa est et aliquam. Sed architecto minima non officiis tenetur ipsum. Qui ipsam provident deserunt et quod. Exercitationem magnam sapiente dolores illum vero. Perferendis impedit sed eligendi suscipit.', 857, 7, 15, '2018-10-23 14:12:56', '2018-10-23 14:12:56'),
(19, 'ipsam', 'Quo odio accusantium ea. Voluptatem facilis accusantium excepturi qui. Aliquid nulla et libero aut aut voluptates.', 939, 4, 23, '2018-10-23 14:12:56', '2018-10-23 14:12:56'),
(20, 'ducimus', 'Non laboriosam dolores et sint non. Soluta consequatur aut ab eligendi quia nobis molestiae. Illum qui ipsam ea nihil et.', 815, 3, 3, '2018-10-23 14:12:56', '2018-10-23 14:12:56'),
(21, 'odit', 'Facere pariatur natus harum veritatis in eum. Sunt inventore officiis est quibusdam eaque et. Quia ea corrupti voluptates molestiae dignissimos ea.', 793, 7, 13, '2018-10-23 14:12:56', '2018-10-23 14:12:56'),
(22, 'dolorem', 'Suscipit voluptatem rerum omnis. A rerum odio est dolor eos fugiat fugiat. Velit vitae quod vel ut eum ipsum aliquam iusto. Hic ad et fugit dolores sint eum excepturi.', 838, 9, 29, '2018-10-23 14:12:56', '2018-10-23 14:12:56'),
(23, 'minima', 'Ea et ipsum minima quam aliquam qui. Doloremque repellat perferendis porro. Fugiat et at rem. Et voluptas amet qui laboriosam dignissimos nihil.', 943, 1, 24, '2018-10-23 14:12:56', '2018-10-23 14:12:56'),
(24, 'aut', 'Ipsa porro ab quis nemo sint. Maiores libero rerum vero non aut laboriosam repudiandae.', 981, 9, 30, '2018-10-23 14:12:56', '2018-10-23 14:12:56'),
(25, 'voluptatem', 'Eum cupiditate consequatur veritatis aut nihil minima. Est facilis quia occaecati facere. Autem rerum est minima et in totam. Dolore deleniti ut voluptatem aut.', 246, 5, 22, '2018-10-23 14:12:56', '2018-10-23 14:12:56'),
(26, 'laborum', 'Dolorem aut aut corporis fugiat reprehenderit. Aliquid quos minima blanditiis sunt.', 509, 3, 30, '2018-10-23 14:12:56', '2018-10-23 14:12:56'),
(27, 'et', 'Quia debitis adipisci vel excepturi explicabo ipsam eligendi. Et id saepe qui temporibus.', 200, 0, 22, '2018-10-23 14:12:56', '2018-10-23 14:12:56'),
(28, 'tempore', 'Nemo sapiente dolorem tempore perferendis laborum incidunt nobis quia. Sit non officiis praesentium autem porro dolore. A dolore officia ratione rerum. Necessitatibus ipsum eos dolores quibusdam praesentium.', 203, 7, 5, '2018-10-23 14:12:56', '2018-10-23 14:12:56'),
(29, 'tenetur', 'Illum maiores eius error sed. Possimus omnis ea aut animi aut cumque. Voluptas quo doloremque voluptatibus ducimus. Suscipit et provident itaque iure dolor quia.', 973, 8, 5, '2018-10-23 14:12:56', '2018-10-23 14:12:56'),
(30, 'odio', 'Molestiae illo exercitationem ut non est omnis. Dolorem eum quo aspernatur. Praesentium hic officiis et ut et dolor corporis. Harum optio aliquid corrupti quidem qui ullam reiciendis enim.', 957, 1, 2, '2018-10-23 14:12:56', '2018-10-23 14:12:56'),
(31, 'atque', 'Quibusdam sit facere impedit praesentium pariatur iste. Magnam aut asperiores vel quia adipisci qui. Commodi perspiciatis recusandae ipsa animi. Amet ut reprehenderit excepturi voluptatem consequatur explicabo assumenda.', 306, 6, 24, '2018-10-23 14:12:56', '2018-10-23 14:12:56'),
(32, 'et', 'Atque laudantium at minima corrupti quia illo. Consequatur optio praesentium quis id accusantium nulla. Natus similique autem corporis laboriosam rerum.', 297, 9, 12, '2018-10-23 14:12:56', '2018-10-23 14:12:56'),
(33, 'in', 'Est praesentium ad quia sit iure qui rerum. Dolor nihil voluptatem aut labore aut nisi error. Repellendus eos dolor ea exercitationem rerum officia laboriosam.', 610, 8, 7, '2018-10-23 14:12:56', '2018-10-23 14:12:56'),
(34, 'voluptates', 'Et placeat veniam quaerat qui commodi. Culpa quidem eius at suscipit sint debitis autem.', 836, 2, 12, '2018-10-23 14:12:56', '2018-10-23 14:12:56'),
(35, 'inventore', 'Blanditiis error iure ea ullam odit. Iusto quisquam voluptatem veritatis consectetur quo. Iste est voluptates doloribus enim.', 468, 5, 18, '2018-10-23 14:12:56', '2018-10-23 14:12:56'),
(36, 'ut', 'Rerum qui odit repudiandae quasi numquam voluptas ducimus. Accusamus aliquam beatae enim repellendus explicabo omnis. Aspernatur quaerat nostrum et rerum consequatur unde aut.', 581, 3, 10, '2018-10-23 14:12:56', '2018-10-23 14:12:56'),
(37, 'tempora', 'Accusamus architecto cumque doloribus optio sed accusamus. Voluptatum quia id dignissimos doloremque qui aut ad. Dolores dolor adipisci incidunt.', 202, 6, 28, '2018-10-23 14:12:56', '2018-10-23 14:12:56'),
(38, 'totam', 'Expedita ipsum velit quo nostrum rem eum rerum. Sit praesentium praesentium est sint molestiae velit. Alias deserunt laboriosam non est. Tempora tempore et necessitatibus optio laboriosam distinctio.', 848, 2, 28, '2018-10-23 14:12:56', '2018-10-23 14:12:56'),
(39, 'ut', 'Sapiente necessitatibus iusto nemo est. Nulla sunt in molestiae neque. Facilis unde et vel totam. Qui aut id esse quo laborum ipsa.', 397, 8, 22, '2018-10-23 14:12:56', '2018-10-23 14:12:56'),
(40, 'enim', 'Aut voluptatibus officia corporis culpa. Iste neque dolorem facere dicta modi. Optio ut et consequatur illo sed est voluptatem voluptates.', 829, 0, 18, '2018-10-23 14:12:56', '2018-10-23 14:12:56'),
(41, 'est', 'Dolorum magnam voluptas aliquid ipsa. Exercitationem enim vero quia. Dolorem quos maxime perspiciatis laborum aspernatur.', 166, 8, 2, '2018-10-23 14:12:56', '2018-10-23 14:12:56'),
(42, 'veniam', 'Similique velit esse earum impedit quam veritatis. Mollitia et perferendis excepturi aut quo voluptas. Recusandae qui aspernatur vitae error perferendis. Aliquam earum commodi sapiente labore.', 455, 3, 20, '2018-10-23 14:12:56', '2018-10-23 14:12:56'),
(43, 'esse', 'Aut itaque numquam eum aperiam. Aspernatur reprehenderit assumenda numquam sint dolore. Exercitationem dolores quis aspernatur eligendi. Dignissimos laborum quod sequi repellendus.', 485, 4, 7, '2018-10-23 14:12:56', '2018-10-23 14:12:56'),
(44, 'dolorem', 'Ut voluptas veritatis nisi quo eveniet a eveniet facere. Tempora deserunt eligendi eius laboriosam at libero. Numquam provident necessitatibus pariatur vel consequuntur. Laborum id repellendus quaerat.', 844, 3, 15, '2018-10-23 14:12:56', '2018-10-23 14:12:56'),
(45, 'commodi', 'Vitae natus beatae porro explicabo. Nihil velit quia totam autem. Eaque quisquam reprehenderit itaque id inventore magnam omnis id.', 365, 9, 2, '2018-10-23 14:12:56', '2018-10-23 14:12:56'),
(46, 'et', 'Magni beatae illo temporibus fugiat optio. Consectetur voluptas sed eveniet neque delectus aut amet.', 647, 3, 3, '2018-10-23 14:12:56', '2018-10-23 14:12:56'),
(47, 'commodi', 'Et et facere provident velit dolor voluptatem repellat. Reprehenderit repellat porro asperiores laborum labore sit esse nihil. Laudantium esse et dolores.', 240, 7, 8, '2018-10-23 14:12:56', '2018-10-23 14:12:56'),
(48, 'odit', 'Placeat sint sequi mollitia. Impedit eos dolor omnis velit voluptatibus atque dolor. Libero cumque rerum nihil iure.', 167, 5, 11, '2018-10-23 14:12:56', '2018-10-23 14:12:56'),
(49, 'voluptatem', 'Unde quod sit tempore sed unde sunt. Delectus dolorem tempore ut sed in fuga. Blanditiis est labore nostrum rerum.', 978, 5, 26, '2018-10-23 14:12:56', '2018-10-23 14:12:56'),
(50, 'maxime', 'Quam animi et rerum rerum. Temporibus quo officiis voluptatem corrupti. Consequatur est dignissimos et quisquam quis sunt. Vel omnis ratione non distinctio in id nesciunt.', 810, 3, 20, '2018-10-23 14:12:56', '2018-10-23 14:12:56'),
(51, 'neque', 'Nobis quia voluptate ut vitae nesciunt deserunt. Autem consequatur vero beatae voluptates ad consequatur labore. Voluptatum maiores repudiandae aperiam eos voluptates. Perferendis et sed animi officia error est et.', 498, 2, 4, '2018-10-23 14:15:00', '2018-10-23 14:15:00'),
(52, 'et', 'Alias nisi inventore qui doloribus. Dolores voluptate velit veniam autem et. Eum eos dolor alias est qui est. Non nam earum corrupti incidunt accusamus.', 919, 1, 21, '2018-10-23 14:15:00', '2018-10-23 14:15:00'),
(53, 'quibusdam', 'Nam voluptatum dolorem libero laboriosam dicta hic ducimus. Libero assumenda qui dicta ratione et id assumenda beatae. Fugit repellat saepe cum veritatis.', 936, 8, 24, '2018-10-23 14:15:00', '2018-10-23 14:15:00'),
(54, 'vel', 'Ut vel eveniet reprehenderit esse expedita. Eum non possimus culpa saepe. Est quia quia aspernatur cupiditate aliquam dolorem nisi.', 965, 1, 7, '2018-10-23 14:15:00', '2018-10-23 14:15:00'),
(55, 'quis', 'Soluta sit atque et itaque et id repellat. Quis voluptatem sed aut exercitationem est fugit. Qui incidunt id suscipit expedita perspiciatis qui recusandae.', 274, 4, 30, '2018-10-23 14:15:00', '2018-10-23 14:15:00'),
(56, 'laborum', 'Quidem temporibus quos earum. Voluptates voluptates corrupti eos architecto vitae quia. Voluptatem aut perspiciatis rerum enim tempore optio ipsum dolorum. Molestiae ut consequatur debitis voluptatibus.', 678, 4, 15, '2018-10-23 14:15:00', '2018-10-23 14:15:00'),
(57, 'modi', 'Et et omnis voluptatem consequatur porro expedita. Dolorem voluptatum sed in velit qui. Non consequatur et velit.', 491, 5, 24, '2018-10-23 14:15:00', '2018-10-23 14:15:00'),
(58, 'repellendus', 'Non amet necessitatibus est tenetur hic voluptatum. Laudantium consectetur possimus est quibusdam omnis sequi. Eligendi molestiae doloribus molestiae dolorum aut sapiente atque. Laboriosam officia vel expedita. Commodi iure quo ut asperiores autem.', 907, 3, 25, '2018-10-23 14:15:00', '2018-10-23 14:15:00'),
(59, 'est', 'Quia veniam architecto eos maiores veritatis aut. Atque voluptatem commodi modi et dolor. Illo qui ut dicta sapiente temporibus sed error. Amet sint ratione est vero aut eos soluta.', 399, 7, 2, '2018-10-23 14:15:00', '2018-10-23 14:15:00'),
(60, 'quisquam', 'Recusandae et aliquid aut ut. Optio deleniti qui iusto sed consectetur. Dolorem expedita amet aliquid cum.', 751, 9, 26, '2018-10-23 14:15:00', '2018-10-23 14:15:00'),
(61, 'et', 'Voluptatem sunt tenetur impedit quo voluptate perferendis nostrum. Eligendi voluptas temporibus optio ut ea debitis vel. Ipsum sed culpa exercitationem placeat sunt magni natus delectus.', 738, 5, 27, '2018-10-23 14:15:00', '2018-10-23 14:15:00'),
(62, 'nobis', 'Nesciunt architecto qui et ad numquam. Numquam quo sunt culpa mollitia consequatur repellat modi incidunt. Libero voluptatibus voluptas exercitationem. Placeat est consequatur non labore in deserunt.', 552, 3, 14, '2018-10-23 14:15:00', '2018-10-23 14:15:00'),
(63, 'omnis', 'Distinctio similique perferendis consequatur quam. Molestiae blanditiis quis laborum ad aut necessitatibus aliquam illo. Tempora eius molestias aut debitis. Dolores aspernatur in ut dicta voluptas sint.', 228, 7, 16, '2018-10-23 14:15:00', '2018-10-23 14:15:00'),
(64, 'ut', 'Enim maxime ut voluptatem enim veritatis. Et et fugiat et qui tempora debitis sit esse. Consectetur laborum aut quibusdam impedit et voluptates itaque. Perspiciatis quis aut non quo.', 558, 6, 14, '2018-10-23 14:15:00', '2018-10-23 14:15:00'),
(65, 'dolores', 'Nam et nulla temporibus nihil optio modi beatae. Et aut ratione ipsam doloremque autem quos. Autem molestias quisquam impedit eum voluptatum voluptatem iure ab.', 417, 5, 7, '2018-10-23 14:15:00', '2018-10-23 14:15:00'),
(66, 'dolorem', 'Aut perferendis eaque quae suscipit quis. Optio consequuntur eum rerum ullam voluptatem aut.', 763, 0, 13, '2018-10-23 14:15:00', '2018-10-23 14:15:00'),
(67, 'fugit', 'Recusandae explicabo reprehenderit voluptatem incidunt error quis voluptas perspiciatis. Aperiam sed quasi illo atque eum libero. Ut ut est voluptas ipsa repudiandae et vero voluptatem. Accusantium alias amet veniam velit.', 521, 8, 2, '2018-10-23 14:15:00', '2018-10-23 14:15:00'),
(68, 'ut', 'Est ut consectetur asperiores voluptate qui. Quos eius consectetur totam. Laborum hic nobis dignissimos magnam.', 290, 9, 3, '2018-10-23 14:15:00', '2018-10-23 14:15:00'),
(69, 'nisi', 'Sed quo tenetur quia. Dolores repellendus nihil eligendi.', 704, 2, 16, '2018-10-23 14:15:00', '2018-10-23 14:15:00'),
(70, 'accusantium', 'Quis suscipit aspernatur repellat et. Reiciendis cumque eum provident voluptas assumenda accusamus et excepturi. Est nemo voluptatem et sapiente non. Voluptas unde est eaque occaecati recusandae et.', 470, 2, 19, '2018-10-23 14:15:00', '2018-10-23 14:15:00'),
(71, 'qui', 'Eligendi ipsa et qui veritatis vel. Mollitia assumenda tempora omnis accusamus. Molestias quibusdam inventore laboriosam maxime minus. Sint voluptatem expedita est et quia. Natus voluptas dolores aut aspernatur.', 453, 5, 3, '2018-10-23 14:15:00', '2018-10-23 14:15:00'),
(72, 'ut', 'Ratione et aut nihil ut pariatur dolorem. Neque earum vel deserunt nesciunt. Soluta omnis ducimus commodi dolorem distinctio dolorum quia. Quam sint dolor laboriosam maxime.', 961, 4, 29, '2018-10-23 14:15:00', '2018-10-23 14:15:00'),
(73, 'corrupti', 'Qui sapiente temporibus ipsam voluptas et. Veniam qui aliquid quae quo sint et. Delectus facilis quia consequuntur reiciendis et saepe debitis. Aut assumenda cum sequi magnam quo eveniet.', 735, 5, 20, '2018-10-23 14:15:00', '2018-10-23 14:15:00'),
(74, 'tempora', 'Voluptatibus eum qui omnis sit esse excepturi. Illum est culpa quis aut qui quae.', 498, 1, 2, '2018-10-23 14:15:00', '2018-10-23 14:15:00'),
(75, 'quam', 'Aut officia beatae optio eligendi. Repellendus eos cumque est voluptatem dolore temporibus quibusdam voluptas. Repudiandae et sint similique voluptatibus voluptatibus repudiandae mollitia. Quisquam quisquam adipisci tempore omnis perferendis ullam repellendus.', 798, 0, 26, '2018-10-23 14:15:00', '2018-10-23 14:15:00'),
(76, 'atque', 'Pariatur voluptas illo aut quisquam eius. Consequuntur qui voluptatem rerum molestiae consequatur. Et quam maiores qui molestiae corporis sit. Ut quod ipsum expedita quia illo alias qui autem.', 596, 6, 18, '2018-10-23 14:15:00', '2018-10-23 14:15:00'),
(77, 'aspernatur', 'Doloremque illum similique beatae. Molestiae laborum perferendis et fugit ut sed id cupiditate. Ea aliquam suscipit occaecati earum est quo. Qui perspiciatis sint nesciunt quos doloribus.', 565, 5, 28, '2018-10-23 14:15:00', '2018-10-23 14:15:00'),
(78, 'hic', 'Dolorem ducimus optio voluptatum aut ratione laboriosam vero deleniti. Qui consequatur hic accusamus cumque ab eos sed. Eius sunt incidunt ipsa eveniet vel sunt eveniet. Laudantium eos dolores voluptatem consequatur. Accusamus qui soluta aspernatur quae qui.', 303, 2, 5, '2018-10-23 14:15:00', '2018-10-23 14:15:00'),
(79, 'eligendi', 'Ut quia laborum pariatur. Doloribus maxime nihil voluptates rerum omnis voluptatem. Dolorum dolores nostrum laboriosam ad beatae quaerat. Nemo consequuntur consequatur consectetur natus quo dignissimos praesentium.', 419, 8, 21, '2018-10-23 14:15:00', '2018-10-23 14:15:00'),
(80, 'odio', 'Voluptates molestiae neque odit nemo ratione laudantium quia. Aut nostrum maxime quia ut est. Facilis numquam facere numquam molestias dolore sed nobis. Aut maiores ut vitae praesentium. Quaerat est necessitatibus et.', 226, 0, 2, '2018-10-23 14:15:00', '2018-10-23 14:15:00'),
(81, 'fugit', 'Quaerat excepturi debitis alias cum quasi cumque. Quis fugit omnis numquam velit hic. Voluptates nemo similique iste voluptatum. Est fugiat amet nesciunt delectus.', 415, 4, 8, '2018-10-23 14:15:00', '2018-10-23 14:15:00'),
(82, 'perspiciatis', 'Eum consequatur omnis quas consequuntur ipsa consequatur. Eos reprehenderit rerum maiores sed explicabo hic iste saepe. Ut fugiat dolorum omnis repellat doloremque.', 521, 5, 7, '2018-10-23 14:15:00', '2018-10-23 14:15:00'),
(83, 'sed', 'Facere aut vero ut velit nulla. Ut pariatur non est dolorum et molestiae. Non dolores molestiae dolores nobis.', 904, 8, 3, '2018-10-23 14:15:00', '2018-10-23 14:15:00'),
(84, 'quod', 'Quidem et facilis aut error. Qui ducimus odio voluptas ut consequatur consectetur possimus modi. Totam enim modi nobis nostrum neque atque. Ullam dolorem quidem laudantium nam saepe nisi.', 565, 6, 10, '2018-10-23 14:15:00', '2018-10-23 14:15:00'),
(85, 'quos', 'Eius repellat sint ipsum quidem mollitia. Exercitationem est eum nobis omnis eligendi non qui. Quis sit aspernatur sapiente eum. Quos autem aperiam sint aperiam blanditiis molestias.', 819, 7, 20, '2018-10-23 14:15:00', '2018-10-23 14:15:00'),
(86, 'eaque', 'Quos quas quisquam vel cupiditate. Provident architecto ut qui molestias. Sed quia ut corporis rem. Est quia perferendis est et deserunt.', 918, 5, 2, '2018-10-23 14:15:00', '2018-10-23 14:15:00'),
(87, 'qui', 'Et sed voluptatem iure. Natus maxime natus aperiam rerum reiciendis quaerat hic. Facilis odio vitae culpa. Laborum qui dolorum rerum magnam doloremque id necessitatibus maxime.', 933, 8, 12, '2018-10-23 14:15:00', '2018-10-23 14:15:00'),
(88, 'enim', 'Reprehenderit ratione eveniet rerum voluptatum ut quia qui. Qui ullam officia repudiandae non cum. Qui veniam quia ad repudiandae cupiditate quod laboriosam.', 356, 3, 19, '2018-10-23 14:15:00', '2018-10-23 14:15:00'),
(89, 'dolorum', 'Exercitationem fugiat et nam est voluptatibus consequatur. Et harum et quisquam veniam ea in. Dicta consequatur nihil quae nihil nihil. Cum fugiat non dolor provident doloribus.', 966, 9, 17, '2018-10-23 14:15:00', '2018-10-23 14:15:00'),
(90, 'nostrum', 'Est esse libero ea dolorem. Et omnis provident aut ea. Voluptas reprehenderit possimus sit magnam pariatur dolorum. Sapiente cum odio error cumque et non quia quos.', 676, 2, 26, '2018-10-23 14:15:00', '2018-10-23 14:15:00'),
(91, 'quos', 'Quasi minus nemo quo eos consequuntur. Et vel alias fugiat non. Officiis ut eos excepturi et. Sunt repudiandae quas aperiam laudantium dolorum ex.', 253, 4, 25, '2018-10-23 14:15:00', '2018-10-23 14:15:00'),
(92, 'ab', 'Consequatur doloremque enim quos voluptatem sed ex. Atque dignissimos veniam assumenda totam.', 836, 3, 9, '2018-10-23 14:15:00', '2018-10-23 14:15:00'),
(93, 'dolor', 'Laboriosam aut natus nam non ut. Fugit consectetur fugit aut sint possimus quisquam. Rem ipsum nostrum quibusdam veritatis deleniti et.', 825, 1, 22, '2018-10-23 14:15:00', '2018-10-23 14:15:00'),
(94, 'maiores', 'Nemo rerum velit quis expedita veritatis odit. Natus sit harum saepe non. Ut quisquam iusto rerum dolorum iusto ratione.', 925, 2, 19, '2018-10-23 14:15:00', '2018-10-23 14:15:00'),
(95, 'sit', 'Et harum porro consequatur error id. Inventore nemo sit consequatur debitis. Vero fugit officiis consequatur commodi temporibus reiciendis omnis.', 485, 4, 2, '2018-10-23 14:15:00', '2018-10-23 14:15:00'),
(96, 'eos', 'Reiciendis eveniet velit est ut. Dicta aut culpa qui est molestias saepe. Illum omnis rerum ea quaerat atque ducimus nisi. Doloremque explicabo voluptatem eligendi quibusdam corrupti aliquid exercitationem.', 869, 5, 13, '2018-10-23 14:15:00', '2018-10-23 14:15:00'),
(97, 'est', 'Ipsum alias voluptatem ut aperiam corrupti. Aliquam assumenda sint nostrum reiciendis sint rerum. Consequatur aut sint cupiditate blanditiis suscipit sed. Hic temporibus quo laborum harum suscipit accusantium.', 793, 3, 6, '2018-10-23 14:15:00', '2018-10-23 14:15:00'),
(98, 'dolorem', 'Iusto et asperiores et iusto. Dolor officiis ut quia odio. Voluptatem expedita placeat dolores quia.', 950, 8, 7, '2018-10-23 14:15:00', '2018-10-23 14:15:00'),
(99, 'voluptatem', 'Aut necessitatibus soluta nulla id sequi autem labore eveniet. Perferendis laudantium in molestiae neque autem suscipit quasi. Ut id autem quod consequatur sit modi. Autem voluptatibus accusamus facere ab voluptas.', 778, 9, 5, '2018-10-23 14:15:00', '2018-10-23 14:15:00'),
(100, 'iure', 'Dolores neque veritatis sequi eos. Iure culpa aliquam labore enim ipsum omnis totam doloremque. Numquam molestiae odio et est.', 999, 4, 16, '2018-10-23 14:15:00', '2018-10-23 14:15:00');

-- --------------------------------------------------------

--
-- Table structure for table `reviews`
--

DROP TABLE IF EXISTS `reviews`;
CREATE TABLE IF NOT EXISTS `reviews` (
  `id` int(10) UNSIGNED NOT NULL AUTO_INCREMENT,
  `product_id` int(10) UNSIGNED NOT NULL,
  `customer` varchar(255) COLLATE utf8_unicode_ci NOT NULL,
  `review` text COLLATE utf8_unicode_ci NOT NULL,
  `star` int(11) NOT NULL,
  `created_at` timestamp NULL DEFAULT NULL,
  `updated_at` timestamp NULL DEFAULT NULL,
  PRIMARY KEY (`id`),
  KEY `reviews_product_id_index` (`product_id`)
) ENGINE=MyISAM AUTO_INCREMENT=301 DEFAULT CHARSET=utf8 COLLATE=utf8_unicode_ci;

--
-- Dumping data for table `reviews`
--

INSERT INTO `reviews` (`id`, `product_id`, `customer`, `review`, `star`, `created_at`, `updated_at`) VALUES
(1, 3, 'Kamron Emard V', 'Aut quia numquam sed nemo aliquid vel. Quo qui laudantium quod autem et. Natus repellendus sed qui omnis amet.', 1, '2018-10-23 14:15:01', '2018-10-23 14:15:01'),
(2, 87, 'Prof. Savannah Casper V', 'Enim explicabo nihil et voluptas natus. Sed odit non beatae in.', 2, '2018-10-23 14:15:01', '2018-10-23 14:15:01'),
(3, 12, 'Conrad Wolff', 'Aspernatur quos ab minus laboriosam. Ut eum a fuga voluptatem ut. Voluptatem aut qui deleniti aut.', 2, '2018-10-23 14:15:01', '2018-10-23 14:15:01'),
(4, 75, 'Orlando Armstrong', 'Mollitia aliquam aut aut autem. Ipsam ex aliquam blanditiis iste officia.', 4, '2018-10-23 14:15:01', '2018-10-23 14:15:01'),
(5, 81, 'Dr. Wilburn Crooks II', 'Porro qui et et dolores unde. Officiis ab quia voluptatem voluptate. Sit tempora molestias possimus est a nostrum cum voluptatem.', 5, '2018-10-23 14:15:01', '2018-10-23 14:15:01'),
(6, 10, 'Gladys Farrell', 'Et mollitia eligendi vel perspiciatis velit ut ducimus et. Magnam adipisci sint rerum labore. Eum et sed ea qui cupiditate.', 0, '2018-10-23 14:15:01', '2018-10-23 14:15:01'),
(7, 11, 'Rebecca Johns', 'Molestiae vitae sunt perferendis ipsa. Alias tempora adipisci enim aut enim impedit iusto. Et aliquid hic asperiores voluptate. Qui sapiente enim distinctio iure dolor harum placeat.', 1, '2018-10-23 14:15:01', '2018-10-23 14:15:01'),
(8, 55, 'Murray Fahey I', 'Odio aut suscipit eum est incidunt sed. Et minus inventore facilis. Assumenda similique praesentium labore facilis beatae. Culpa eaque perferendis provident tempore voluptatem omnis aperiam veritatis.', 0, '2018-10-23 14:15:01', '2018-10-23 14:15:01'),
(9, 17, 'Carolina Gislason', 'Rem quo sed amet quia. Inventore excepturi ratione totam nihil delectus est necessitatibus. Voluptates autem dicta ipsam.', 1, '2018-10-23 14:15:01', '2018-10-23 14:15:01'),
(10, 75, 'Estel Schultz', 'Cupiditate tempore aut ducimus praesentium facilis nam repellat. Rerum fugiat quasi molestias porro aut. In molestiae quis occaecati aut cum. Et quibusdam praesentium tenetur sint omnis dolorum autem consequuntur.', 4, '2018-10-23 14:15:01', '2018-10-23 14:15:01'),
(11, 49, 'Weston Blick', 'Ut molestias blanditiis voluptatibus nesciunt sit ad. Neque necessitatibus voluptatem ut atque omnis ut labore aut. Accusantium ut qui quidem sint tempore et. Et aut assumenda pariatur cupiditate quod.', 4, '2018-10-23 14:15:01', '2018-10-23 14:15:01'),
(12, 21, 'Miss Kathleen Farrell II', 'Nihil voluptatem qui voluptate ad maiores nihil. Illo nobis est corrupti. Tempore nihil non ut et debitis voluptatem minus. Doloribus laborum perspiciatis debitis ut quis.', 0, '2018-10-23 14:15:01', '2018-10-23 14:15:01'),
(13, 79, 'Stanley Mitchell', 'Temporibus quaerat reprehenderit ex voluptatem dicta et esse. Veritatis similique velit sit praesentium in id quia. Voluptatem dolor veritatis dolore molestiae. Voluptatum est et et animi aut animi neque.', 0, '2018-10-23 14:15:01', '2018-10-23 14:15:01'),
(14, 44, 'Adriel Bashirian', 'Optio soluta aut quaerat provident. Sapiente non adipisci dolores et sint. Explicabo possimus similique minima.', 2, '2018-10-23 14:15:01', '2018-10-23 14:15:01'),
(15, 57, 'Billy Grimes', 'Voluptatum enim in nostrum qui et. Dicta vero velit sequi fugiat sed ea. Repellat quasi deleniti voluptas eaque. Aliquam explicabo rem non mollitia laudantium iste et. Voluptas sunt error et explicabo ea reprehenderit.', 5, '2018-10-23 14:15:01', '2018-10-23 14:15:01'),
(16, 49, 'Winston Grady', 'Possimus eius et delectus quaerat libero quo. Cumque qui placeat officiis. Est soluta dicta voluptas quia et.', 1, '2018-10-23 14:15:01', '2018-10-23 14:15:01'),
(17, 55, 'Prof. Tito Schulist', 'Sed autem cumque corporis laudantium alias. Officia impedit porro nam autem. Natus iusto distinctio asperiores fugit enim. Libero consequatur similique illum numquam suscipit numquam.', 0, '2018-10-23 14:15:01', '2018-10-23 14:15:01'),
(18, 22, 'Ariane Wehner', 'Hic saepe veniam exercitationem animi ab. Est molestiae eum aut tempora sint iure. Voluptatem nihil voluptatum non quidem impedit.', 4, '2018-10-23 14:15:01', '2018-10-23 14:15:01'),
(19, 41, 'Dr. Marina O\'Connell DVM', 'Atque consequatur aut sed iure nam animi. Vitae rerum aliquam sint ipsa velit architecto eos. Unde est consectetur et. Nihil et dolores incidunt nulla dignissimos dolores quis.', 0, '2018-10-23 14:15:01', '2018-10-23 14:15:01'),
(20, 86, 'Charity Graham', 'Unde distinctio aut consequatur voluptas sunt dolor et enim. Nam alias et qui et et. Quas et placeat rerum porro culpa ut. Architecto temporibus perferendis eum blanditiis veniam quod.', 5, '2018-10-23 14:15:01', '2018-10-23 14:15:01'),
(21, 48, 'Ernestine Lowe', 'Ipsum quis incidunt magnam maxime magnam aut sit. Quia officia veritatis tempora voluptates rerum qui. Esse consequatur expedita sint ea quia optio.', 2, '2018-10-23 14:15:01', '2018-10-23 14:15:01'),
(22, 24, 'Cruz Brown', 'Doloribus ex laudantium omnis occaecati quas. Doloribus accusantium dolor eos. Illum sed fuga modi saepe. Odio iusto iste quae vel blanditiis natus ipsam.', 4, '2018-10-23 14:15:01', '2018-10-23 14:15:01'),
(23, 70, 'Prof. Virginia Stehr DVM', 'Officiis aliquid labore non. Error dignissimos non voluptatem dolores nulla. Atque vel et nulla delectus recusandae. Quidem animi aut asperiores aut.', 0, '2018-10-23 14:15:01', '2018-10-23 14:15:01'),
(24, 85, 'Aidan Paucek', 'Consequatur qui sed est sit vero. Ut est modi corrupti. Qui provident similique dolores dolorem a.', 4, '2018-10-23 14:15:01', '2018-10-23 14:15:01'),
(25, 24, 'Maryam Oberbrunner', 'Eveniet tempore accusantium error dolorem est qui. In enim ut iure aut. Adipisci saepe provident ut dolor quia illum. Ipsum quo quidem recusandae ut.', 5, '2018-10-23 14:15:01', '2018-10-23 14:15:01'),
(26, 37, 'Armand Herzog', 'Iure asperiores iste voluptatem ea vitae ad excepturi. Aut at ut voluptatem sequi quis recusandae quis. Doloremque amet et rem laboriosam cupiditate. Sequi vitae magni autem expedita ea amet. Optio mollitia a porro eveniet unde soluta.', 3, '2018-10-23 14:15:01', '2018-10-23 14:15:01'),
(27, 13, 'Ronaldo Keeling', 'Ex porro impedit quidem eum vel minima. Aliquam magni ullam explicabo ratione voluptatem asperiores. Odit fuga pariatur animi mollitia.', 5, '2018-10-23 14:15:01', '2018-10-23 14:15:01'),
(28, 23, 'Aurelie Mayert', 'Qui consequatur totam sed velit provident. Laudantium dolorum repellendus ducimus voluptas rerum qui odio. In porro dignissimos quos rerum sit odit est. Incidunt eaque quo tenetur ut consequatur qui tempore.', 4, '2018-10-23 14:15:01', '2018-10-23 14:15:01'),
(29, 45, 'Ari Brown', 'Dolor repudiandae saepe qui culpa. Eum nisi laudantium rerum aspernatur sunt dolor eum. Perferendis aperiam id fugit illum similique quam.', 5, '2018-10-23 14:15:01', '2018-10-23 14:15:01'),
(30, 14, 'Florence Schneider', 'Magni corrupti hic dignissimos dolores non aut. Facere consequuntur excepturi esse. Vel eveniet molestiae provident amet iste. Omnis quo vel laudantium. Esse quibusdam sint voluptatem iste.', 1, '2018-10-23 14:15:01', '2018-10-23 14:15:01'),
(31, 62, 'Mr. Trevion Pouros', 'Assumenda qui expedita odio ut quibusdam et in. Et harum tenetur sed sequi vitae aut velit molestias. Eum voluptates veniam qui repellat reiciendis et consequatur.', 1, '2018-10-23 14:15:01', '2018-10-23 14:15:01'),
(32, 38, 'Deron Hickle', 'Modi quia aut doloribus asperiores impedit. Officia dolorem eos dolor excepturi. A quaerat sit alias.', 2, '2018-10-23 14:15:01', '2018-10-23 14:15:01'),
(33, 1, 'Miss April Hessel', 'Quidem dicta accusamus tempora. Qui cupiditate voluptatibus occaecati quo. Laborum adipisci harum sit molestiae illum sit consectetur et. Ea amet voluptatem voluptatem fuga maxime et.', 5, '2018-10-23 14:15:01', '2018-10-23 14:15:01'),
(34, 72, 'Sven Murazik', 'Harum quis occaecati dolorem totam ea ut sunt est. In quia vitae quo a est aut nostrum. Autem voluptas adipisci amet cumque deleniti. Consectetur adipisci eveniet eos dolorem molestias illo quae eum.', 2, '2018-10-23 14:15:01', '2018-10-23 14:15:01'),
(35, 87, 'Mr. Rhiannon Towne Jr.', 'Facere recusandae officia temporibus beatae. Delectus est impedit quae ut ab. Officiis a accusantium ut dolore perferendis facere.', 4, '2018-10-23 14:15:01', '2018-10-23 14:15:01'),
(36, 77, 'Jerod Schowalter', 'Quidem et et rerum aut. Repellendus omnis inventore et expedita quis. Inventore voluptas recusandae voluptatem fugiat dolorum debitis ipsa.', 1, '2018-10-23 14:15:01', '2018-10-23 14:15:01'),
(37, 43, 'Rocky Jacobson', 'Et nam quia ex. Porro consequatur aspernatur et mollitia quisquam fugiat dolores. Esse aliquid totam deleniti earum cum facere.', 0, '2018-10-23 14:15:01', '2018-10-23 14:15:01'),
(38, 65, 'Stacy Legros PhD', 'Possimus asperiores deserunt expedita nihil id. Occaecati fugit cum debitis rem illum omnis qui iste. At sit eos sunt ratione ut pariatur numquam. Eos veritatis iusto odit.', 4, '2018-10-23 14:15:01', '2018-10-23 14:15:01'),
(39, 90, 'Karlie Kohler', 'Itaque rerum aperiam veniam quasi. Tempore nihil et consequuntur praesentium. Et dolor expedita sit consequatur nostrum nihil. Sunt consequatur quia nostrum aliquam.', 0, '2018-10-23 14:15:01', '2018-10-23 14:15:01'),
(40, 31, 'Miss Marlen Glover', 'Dolores quia et nihil quis non quis possimus. Minus omnis voluptas qui perspiciatis blanditiis. Error enim at pariatur dicta provident distinctio.', 5, '2018-10-23 14:15:01', '2018-10-23 14:15:01'),
(41, 54, 'Ms. Esmeralda Fahey', 'Consequatur sint nulla laboriosam sapiente et non. Fugiat corrupti velit suscipit. Hic quam provident atque repudiandae.', 4, '2018-10-23 14:15:01', '2018-10-23 14:15:01'),
(42, 9, 'Dr. Bell Barton Sr.', 'Dolor minus et ullam fugit recusandae quo quis. Sit assumenda voluptatem quo impedit. Omnis est ut voluptatem quod. Deleniti repellendus maiores fugit et deserunt.', 1, '2018-10-23 14:15:01', '2018-10-23 14:15:01'),
(43, 51, 'Miss Martina Jakubowski V', 'Quia deleniti non eaque. Enim laudantium sequi reiciendis vel. Cum praesentium illo necessitatibus id est voluptatem ut quisquam. Nobis minus aut saepe sint voluptatum natus consequuntur.', 0, '2018-10-23 14:15:01', '2018-10-23 14:15:01'),
(44, 19, 'Larissa Eichmann', 'Ut dolorum esse maxime aliquid. Deleniti molestias soluta alias voluptatem maxime ipsa ut. Laboriosam praesentium ut ut sapiente est soluta. Reprehenderit omnis totam possimus blanditiis tenetur.', 1, '2018-10-23 14:15:01', '2018-10-23 14:15:01'),
(45, 63, 'Breanna Hettinger', 'Veritatis quidem veritatis reiciendis repellendus eum quisquam pariatur. Veniam in qui aut occaecati atque. Ad numquam enim ut ut culpa.', 3, '2018-10-23 14:15:01', '2018-10-23 14:15:01'),
(46, 4, 'Ms. Della O\'Kon', 'Pariatur laborum amet eligendi non. Quam sequi fuga quasi qui ipsum adipisci debitis.', 5, '2018-10-23 14:15:01', '2018-10-23 14:15:01'),
(47, 82, 'Madelyn Weimann', 'Est quidem ipsum quo voluptas molestiae aut. Voluptates aut est saepe harum ratione perferendis earum. Nam tempora tempora omnis dolorum facere.', 3, '2018-10-23 14:15:01', '2018-10-23 14:15:01'),
(48, 13, 'Rae Hand', 'Cum eum voluptatem itaque veritatis. Laboriosam occaecati officia quis. Sint sint necessitatibus non eveniet at aperiam facilis. Qui deleniti consequatur nesciunt nesciunt. Occaecati sed officia enim est eum consequuntur.', 4, '2018-10-23 14:15:01', '2018-10-23 14:15:01'),
(49, 75, 'Bethany Balistreri', 'Sed aliquid sint aperiam ut aut est. Saepe corrupti voluptatum vel consequatur vel distinctio. Qui ipsam possimus saepe dolore quia nostrum delectus.', 0, '2018-10-23 14:15:01', '2018-10-23 14:15:01'),
(50, 35, 'Santos Denesik', 'Velit laboriosam praesentium rem optio tempora. Sunt laborum ut molestiae doloremque. Velit a nisi reiciendis eum omnis consequatur provident. Minima sint quaerat deleniti ut occaecati nisi tempore.', 4, '2018-10-23 14:15:01', '2018-10-23 14:15:01'),
(51, 62, 'Alvis Casper IV', 'Voluptatem asperiores eum neque nostrum tempora et. Quia corrupti corporis sint occaecati. Asperiores laudantium labore quia delectus sed.', 0, '2018-10-23 14:15:01', '2018-10-23 14:15:01'),
(52, 37, 'Nicklaus Torp', 'Ea aliquid ex similique ut et veritatis quos. Veniam omnis eius nihil blanditiis sint architecto. Exercitationem accusamus id harum non. Veritatis tenetur vero fugiat aspernatur minima laudantium dolores consequuntur.', 4, '2018-10-23 14:15:01', '2018-10-23 14:15:01'),
(53, 91, 'Edmond Breitenberg', 'Ex voluptatibus rerum qui consequatur repellat facilis dignissimos. Et enim impedit quidem iste dolores. Repellendus voluptas possimus doloribus debitis veniam excepturi. Autem quia vel rerum earum aliquam.', 4, '2018-10-23 14:15:01', '2018-10-23 14:15:01'),
(54, 70, 'Henry Luettgen', 'Itaque et repellendus mollitia unde voluptates. Exercitationem quia ex illum nostrum cupiditate enim. Tempore eveniet sit mollitia architecto ratione illo corporis. Qui impedit qui aut reiciendis consequatur deleniti. Molestiae consequatur ea qui id accusantium et illum.', 3, '2018-10-23 14:15:01', '2018-10-23 14:15:01'),
(55, 23, 'Guillermo Kuphal', 'Placeat quis eligendi reprehenderit aut odit. Nemo officia maxime dignissimos provident velit alias iste.', 0, '2018-10-23 14:15:01', '2018-10-23 14:15:01'),
(56, 18, 'Omer Hayes', 'Quae omnis eos aspernatur laboriosam eos minus. Aliquam similique omnis tempora sunt. Quas magni quia rerum eos fuga.', 5, '2018-10-23 14:15:01', '2018-10-23 14:15:01'),
(57, 21, 'Ansel Dach', 'Dolorem consequatur impedit doloribus ut inventore. Optio soluta asperiores et minus illum occaecati eaque. Consequuntur quo ducimus temporibus omnis quia et. Inventore et et reprehenderit est rerum.', 2, '2018-10-23 14:15:01', '2018-10-23 14:15:01'),
(58, 98, 'Demetris Kunde', 'In sequi nesciunt ex est doloribus voluptatem molestiae. Possimus sed soluta ducimus sint error cupiditate illum ut. Nobis aspernatur ducimus similique impedit molestias. Ut quia totam aliquid corporis qui rerum ut.', 2, '2018-10-23 14:15:01', '2018-10-23 14:15:01'),
(59, 73, 'Vito Hegmann Jr.', 'Aut eligendi pariatur aspernatur in est. Porro tempora molestiae autem quis et cum. Odit est optio dolorum facilis inventore possimus minima reiciendis.', 5, '2018-10-23 14:15:01', '2018-10-23 14:15:01'),
(60, 25, 'Paige Jaskolski', 'Sed dignissimos consequatur repellat similique labore et non dolor. Voluptates rerum eos et dignissimos. Fugiat repellendus laudantium ex. Dignissimos non et reiciendis veritatis provident.', 5, '2018-10-23 14:15:01', '2018-10-23 14:15:01'),
(61, 95, 'Prof. Selena Parisian', 'Velit tempora minus voluptatem quam dolor architecto. Iure provident architecto laboriosam rerum illum beatae et. Quod culpa quia vitae. Omnis consequatur tempore inventore nisi harum pariatur qui. Rerum modi at ab autem porro.', 0, '2018-10-23 14:15:01', '2018-10-23 14:15:01'),
(62, 87, 'Braxton Cassin I', 'Delectus doloribus velit quia et pariatur vitae. Sed in velit dolores dolor asperiores maxime aut esse. Est nam facilis nulla tempore unde rerum. Quidem facere eligendi vel non.', 1, '2018-10-23 14:15:01', '2018-10-23 14:15:01'),
(63, 20, 'Prof. Maximilian Bauch DDS', 'Praesentium esse quo commodi. Qui reiciendis tenetur illo nostrum asperiores dolorem et illum. Non nam consequatur unde veniam. Vel ducimus omnis odit quas consequatur.', 5, '2018-10-23 14:15:01', '2018-10-23 14:15:01'),
(64, 58, 'Katelyn Collins', 'Numquam fugit quo fugiat enim dolorum nisi ullam. Velit id ipsa provident autem.', 4, '2018-10-23 14:15:01', '2018-10-23 14:15:01'),
(65, 39, 'Miss Katelyn Jast', 'Molestias accusamus quaerat cupiditate quibusdam qui accusamus asperiores. Aspernatur at quam minus veniam maxime nam excepturi inventore. Ea in fugit et.', 4, '2018-10-23 14:15:01', '2018-10-23 14:15:01'),
(66, 95, 'Dr. Sonny Cummerata', 'Voluptas recusandae iste impedit voluptatem laborum. Vel repellendus qui est mollitia velit sapiente.', 5, '2018-10-23 14:15:01', '2018-10-23 14:15:01'),
(67, 18, 'Mireya Lehner', 'Quo hic sunt quod consequatur omnis distinctio labore. Debitis voluptate eum quis. Accusamus facilis consectetur ipsum aliquid aut libero amet aliquid. Et voluptatum fugiat beatae architecto qui accusantium.', 2, '2018-10-23 14:15:01', '2018-10-23 14:15:01'),
(68, 100, 'Prof. Lisette Swaniawski DVM', 'Sint quia ab consequatur est nihil suscipit voluptatem ut. Quas rerum et soluta laborum fuga nemo.', 5, '2018-10-23 14:15:01', '2018-10-23 14:15:01'),
(69, 15, 'Dr. Don McLaughlin MD', 'Voluptate eveniet quaerat delectus consequatur. Vel fugiat maiores quia nulla non cumque fugit. Qui debitis quia ab nesciunt hic deleniti. At voluptatibus et autem occaecati eum vel id.', 3, '2018-10-23 14:15:01', '2018-10-23 14:15:01'),
(70, 67, 'Dr. Aurelia Bins', 'Iste quos hic fuga et. Dolor officiis dolore perferendis voluptas sint qui aut est. Voluptatem error et suscipit dicta inventore dolore eos.', 2, '2018-10-23 14:15:01', '2018-10-23 14:15:01'),
(71, 70, 'Mrs. Emily Miller', 'Consequuntur quasi optio voluptatem qui hic vero excepturi. Autem debitis mollitia dolor dolorem voluptate vitae. Itaque harum non omnis ipsa commodi sed et cupiditate. Ipsa sit error eius aut. Ratione rerum qui est aliquid rerum occaecati.', 4, '2018-10-23 14:15:01', '2018-10-23 14:15:01'),
(72, 24, 'Gregoria Kessler', 'Consectetur veritatis reprehenderit molestiae numquam. Aut aut ea natus. Ipsa sed rerum ut facere in. In autem porro blanditiis.', 2, '2018-10-23 14:15:01', '2018-10-23 14:15:01'),
(73, 40, 'Rossie Metz', 'Eum at sint ullam et et pariatur. Laborum nam laudantium officiis numquam recusandae et aut. Sit iure voluptas aut repellat.', 4, '2018-10-23 14:15:01', '2018-10-23 14:15:01'),
(74, 26, 'Mrs. Loma Dare', 'Eius incidunt nihil eveniet laborum. Veniam ut neque sint qui odit ratione. Quisquam veniam id laborum fugit quas dolores quidem doloribus.', 5, '2018-10-23 14:15:01', '2018-10-23 14:15:01'),
(75, 64, 'Mr. Lexus Hagenes MD', 'Dolorem officiis eaque dolor a autem quidem quia voluptatum. Enim non quod deleniti officia. Eligendi omnis voluptatem molestiae sit dicta. Modi iure eos in eos voluptas iusto ullam.', 1, '2018-10-23 14:15:01', '2018-10-23 14:15:01'),
(76, 47, 'Ofelia Smitham', 'Culpa iusto qui ab iure autem quam. Voluptates molestiae est dolor ducimus. Minima ut hic exercitationem ex vero quisquam similique ea.', 2, '2018-10-23 14:15:01', '2018-10-23 14:15:01'),
(77, 16, 'Austen Raynor', 'Voluptas error voluptate voluptas minus. Veritatis quis consequatur ut consequatur placeat ut voluptas. Alias natus asperiores consequatur ea. Beatae hic non quidem dignissimos.', 0, '2018-10-23 14:15:01', '2018-10-23 14:15:01'),
(78, 83, 'Myrtice Hickle', 'A consectetur rerum veniam ut qui. Culpa molestiae commodi repellendus. Voluptas iure dicta recusandae.', 5, '2018-10-23 14:15:01', '2018-10-23 14:15:01'),
(79, 8, 'Madelyn Mante', 'Ullam porro deleniti enim nihil reiciendis et laborum. Praesentium nobis deleniti et et nam asperiores fugit qui. Ex cupiditate maxime est et eos ipsum nihil. Qui dolore dolorem necessitatibus rem non recusandae ipsum voluptas.', 0, '2018-10-23 14:15:01', '2018-10-23 14:15:01'),
(80, 33, 'Reese Hudson', 'Debitis qui laudantium nobis excepturi. Nihil perferendis beatae ipsum illo at. Non nihil ut molestiae dicta.', 1, '2018-10-23 14:15:01', '2018-10-23 14:15:01'),
(81, 54, 'Prof. Lourdes Waters IV', 'Fugiat facere non quidem dolorem quod temporibus maxime. Itaque aspernatur amet perferendis. Non sunt libero quasi aliquam. Rerum facilis quis suscipit odit.', 5, '2018-10-23 14:15:01', '2018-10-23 14:15:01'),
(82, 86, 'Dr. Andres Sauer', 'Enim nulla voluptatibus accusamus sed aut eveniet nulla. Ipsa et inventore in et sit. Praesentium sunt dolor voluptate quas quidem quam neque.', 5, '2018-10-23 14:15:01', '2018-10-23 14:15:01'),
(83, 80, 'Eliane Kirlin', 'Tempora voluptas omnis voluptatem neque quia. Natus omnis voluptatem eos. Consequatur libero sed ut veniam tempora odit deleniti. Et amet animi fuga sunt saepe dolorem harum aut.', 1, '2018-10-23 14:15:01', '2018-10-23 14:15:01'),
(84, 16, 'Betsy Gerlach', 'Nesciunt nam sint eos est architecto minima aut et. Rerum sint quia velit inventore.', 5, '2018-10-23 14:15:01', '2018-10-23 14:15:01'),
(85, 43, 'Prof. Armani Cartwright PhD', 'Qui non blanditiis cumque nihil soluta. Qui tempora et ut. Totam illum aut soluta sint. Ut omnis hic et nemo est.', 5, '2018-10-23 14:15:01', '2018-10-23 14:15:01'),
(86, 77, 'Hillard Skiles III', 'Ex molestias expedita at esse eos molestias. Quisquam corporis adipisci voluptatum illum enim quia aut. Nam provident et amet autem voluptatem qui.', 2, '2018-10-23 14:15:01', '2018-10-23 14:15:01'),
(87, 67, 'Jan Funk', 'Ut nesciunt qui eaque molestiae. Consequatur et provident perferendis vitae laboriosam. Ea omnis animi rerum eos. At quibusdam et et tempora vero et veniam. Ad impedit eveniet itaque perspiciatis et voluptatem voluptatem.', 3, '2018-10-23 14:15:01', '2018-10-23 14:15:01'),
(88, 49, 'Ms. Madie Dickinson I', 'Consequatur molestiae libero hic. Ea debitis vitae quis consectetur quam omnis ea. Dignissimos dignissimos voluptatem saepe aperiam quaerat dignissimos voluptate.', 2, '2018-10-23 14:15:01', '2018-10-23 14:15:01'),
(89, 34, 'Lisa Parker', 'Autem aut distinctio eum molestiae eum omnis. Facere vero facilis expedita commodi perspiciatis aut. Ducimus natus sunt ut animi veniam voluptatum.', 5, '2018-10-23 14:15:01', '2018-10-23 14:15:01'),
(90, 55, 'Garett Cummerata II', 'Perspiciatis sit et esse corrupti. Sit velit quae repellat omnis ipsa. Qui similique reiciendis animi atque non commodi occaecati nihil.', 3, '2018-10-23 14:15:01', '2018-10-23 14:15:01'),
(91, 69, 'Evangeline Heidenreich', 'Culpa quibusdam cum et non. Tempora vel cumque aut culpa soluta recusandae quam. Consequatur labore cupiditate omnis animi dolor. Ratione temporibus velit ut vel.', 1, '2018-10-23 14:15:01', '2018-10-23 14:15:01'),
(92, 82, 'Jaclyn Smitham', 'Nulla cumque voluptate repellendus harum id architecto incidunt. Id rerum voluptatem eos quasi sed. Quia quis cupiditate nihil consequatur enim voluptatem. Sequi quibusdam consequatur quo doloremque consequuntur officiis velit.', 5, '2018-10-23 14:15:01', '2018-10-23 14:15:01'),
(93, 50, 'Dr. Doyle Shields', 'Deserunt qui blanditiis quasi. Voluptatem tempora est et earum qui. Dolore enim totam ut laudantium alias.', 1, '2018-10-23 14:15:01', '2018-10-23 14:15:01'),
(94, 1, 'Miss Noemi Stokes', 'Vel repellendus voluptatem quasi harum repellendus. Quidem neque repellendus quidem sunt cumque accusantium est modi. Qui quasi et harum consequuntur eaque.', 0, '2018-10-23 14:15:01', '2018-10-23 14:15:01'),
(95, 67, 'Hilton Cormier', 'Rem veritatis adipisci facere distinctio labore. Dolor omnis facilis illo sed reprehenderit. Consectetur et ut placeat.', 4, '2018-10-23 14:15:01', '2018-10-23 14:15:01'),
(96, 44, 'Cleveland Keeling', 'Consectetur sed omnis culpa autem cumque blanditiis at. Repudiandae et et quibusdam. Magnam excepturi quia ipsa dolores.', 4, '2018-10-23 14:15:01', '2018-10-23 14:15:01'),
(97, 72, 'Maud Armstrong', 'Animi et natus incidunt cumque excepturi. Dolore magnam sint adipisci neque consequuntur cupiditate nihil quia. Id labore repellendus ut quos veniam nulla.', 1, '2018-10-23 14:15:01', '2018-10-23 14:15:01'),
(98, 31, 'Torey Schinner', 'Magni mollitia non nesciunt excepturi ea id. Voluptatem hic sit est. Illo in facere qui dignissimos nemo. Odit reprehenderit omnis et fugit excepturi voluptas. Ducimus et perspiciatis ratione porro adipisci magni deleniti.', 1, '2018-10-23 14:15:01', '2018-10-23 14:15:01'),
(99, 72, 'Trycia Luettgen', 'Ad dignissimos voluptate est fuga sunt. Nisi non veritatis assumenda quaerat. Praesentium minus ut consequatur id dolores aliquid.', 2, '2018-10-23 14:15:01', '2018-10-23 14:15:01'),
(100, 14, 'Douglas King', 'Aliquid sint molestias et dolores quibusdam. Hic quia recusandae sunt et. Nobis tempora illo voluptatum in. Esse magni voluptas debitis quis necessitatibus.', 5, '2018-10-23 14:15:01', '2018-10-23 14:15:01'),
(101, 50, 'Mr. Jameson Bechtelar', 'Amet qui quia et beatae quis. Voluptatem nulla est hic earum excepturi. Dolorem sint laudantium voluptatibus fuga laboriosam nihil. Atque enim quisquam quo voluptas.', 1, '2018-10-23 14:15:01', '2018-10-23 14:15:01'),
(102, 100, 'Loyal Marquardt', 'Sit est voluptas saepe ut corporis. Molestiae molestiae voluptatem nemo. Nobis maiores voluptas vero hic rerum voluptas voluptatem.', 5, '2018-10-23 14:15:01', '2018-10-23 14:15:01'),
(103, 85, 'Miss Jenifer Langosh MD', 'Explicabo voluptatem esse aperiam voluptates. Voluptatibus nemo aut dolores fuga tempore. Inventore provident et necessitatibus autem explicabo.', 0, '2018-10-23 14:15:01', '2018-10-23 14:15:01'),
(104, 64, 'Marlene Berge', 'Et enim voluptatem rem. Et natus non reiciendis ex enim exercitationem quaerat. Magni libero ab dolor molestiae cupiditate.', 3, '2018-10-23 14:15:01', '2018-10-23 14:15:01'),
(105, 64, 'Amber Greenholt', 'Id quis voluptatum occaecati. Ut sunt neque aspernatur est quae voluptas. Quibusdam minus pariatur voluptatem ea voluptatem iure.', 4, '2018-10-23 14:15:01', '2018-10-23 14:15:01'),
(106, 94, 'Holden Bailey', 'Nobis sequi est aut beatae id tempora error. Soluta enim autem et autem iusto. Minus quia id adipisci autem impedit.', 5, '2018-10-23 14:15:01', '2018-10-23 14:15:01'),
(107, 4, 'Linda Rice', 'Officia ut deserunt et aperiam delectus voluptatem. Est omnis quasi impedit est dicta. Quia impedit illo error excepturi officiis et unde rerum.', 5, '2018-10-23 14:15:01', '2018-10-23 14:15:01'),
(108, 64, 'Richmond Mills DVM', 'Minus qui asperiores dignissimos. Voluptas voluptate cumque quas impedit voluptatibus.', 0, '2018-10-23 14:15:01', '2018-10-23 14:15:01'),
(109, 20, 'Elza Schimmel', 'Eaque soluta ipsa qui. Quisquam enim in doloremque rerum et aut debitis.', 1, '2018-10-23 14:15:01', '2018-10-23 14:15:01'),
(110, 9, 'Rocky Smitham IV', 'Dolorum eius perferendis maiores ut deserunt voluptate sapiente quasi. Ea eaque aut enim explicabo et sed quo. Facere placeat et sunt assumenda quia voluptatibus.', 4, '2018-10-23 14:15:01', '2018-10-23 14:15:01'),
(111, 61, 'Adam Boyle', 'Tenetur consequuntur iure id modi aut voluptate ut. Ipsum fugiat libero sunt consequatur officia unde. Eum fuga nemo labore.', 4, '2018-10-23 14:15:01', '2018-10-23 14:15:01'),
(112, 44, 'Dr. Jamir Baumbach', 'Non quidem et sed voluptas. Nihil in repellendus quo qui quia. Minima harum cupiditate dolor quo.', 0, '2018-10-23 14:15:01', '2018-10-23 14:15:01'),
(113, 6, 'Jaqueline Romaguera', 'Illum placeat natus enim aut ipsum quia. Quo et suscipit debitis id.', 2, '2018-10-23 14:15:01', '2018-10-23 14:15:01'),
(114, 52, 'Dr. Libby Yost', 'Et eaque quia omnis ut placeat dignissimos explicabo. Voluptate minus labore consequatur suscipit inventore quo. Eveniet odit earum praesentium voluptate dolore voluptate soluta. Facere ducimus cupiditate voluptatum accusantium velit.', 5, '2018-10-23 14:15:01', '2018-10-23 14:15:01'),
(115, 72, 'April Glover Sr.', 'Iure vero consequatur minima repudiandae nemo. Officiis officiis veniam aliquid exercitationem porro. Veniam voluptatibus non similique repellat. Veritatis sequi odit earum dicta atque quo sint harum.', 2, '2018-10-23 14:15:01', '2018-10-23 14:15:01'),
(116, 71, 'Kade Dicki', 'Neque explicabo tenetur soluta culpa. Cumque vel ex non consectetur animi. Dolorum aut qui debitis reprehenderit.', 1, '2018-10-23 14:15:01', '2018-10-23 14:15:01'),
(117, 53, 'Melvina Abshire III', 'Ratione hic ut nostrum asperiores eligendi laborum id. Fuga delectus ipsam culpa. Laudantium sequi molestiae ab omnis aperiam id. Quidem consequuntur labore voluptatem blanditiis.', 4, '2018-10-23 14:15:01', '2018-10-23 14:15:01'),
(118, 92, 'Dixie Cummerata', 'Tempore et ipsa doloribus necessitatibus. Magni aut quia sunt vero. Eius et eum voluptate impedit.', 3, '2018-10-23 14:15:01', '2018-10-23 14:15:01'),
(119, 65, 'Miss Glenda Hackett MD', 'Sunt ab quasi blanditiis totam numquam et fuga. Minus ut tempora omnis. Minima iste aut est vel ipsam aliquam. Molestiae illo quibusdam impedit non ab.', 5, '2018-10-23 14:15:01', '2018-10-23 14:15:01'),
(120, 6, 'Dagmar Swift', 'Necessitatibus quis libero quam qui. Quidem minus qui blanditiis ipsam unde optio beatae. Natus nihil sint maiores laborum. Eum provident inventore blanditiis cumque maxime.', 1, '2018-10-23 14:15:01', '2018-10-23 14:15:01'),
(121, 3, 'Gretchen Hill', 'Id ducimus voluptas ea voluptatibus in qui. Qui doloremque quasi error et. Et accusantium deserunt vero et illo magnam est. Voluptatem maiores ex quos quo sit impedit sit libero.', 5, '2018-10-23 14:15:01', '2018-10-23 14:15:01'),
(122, 100, 'Javonte Bosco', 'Non unde repellat repudiandae distinctio assumenda autem et fuga. Omnis labore et nam accusamus modi est et. Ducimus necessitatibus cumque et est deleniti dolore dicta. Suscipit minus quia porro voluptates dolores.', 3, '2018-10-23 14:15:01', '2018-10-23 14:15:01'),
(123, 75, 'Elmore Aufderhar IV', 'Nulla rerum cupiditate sunt dicta dolor beatae earum dignissimos. Et vero inventore commodi consequatur sint quos rem repudiandae. Recusandae et ut aut adipisci et odit.', 3, '2018-10-23 14:15:01', '2018-10-23 14:15:01'),
(124, 87, 'Eldora Cronin', 'Quidem ex rerum illo dolores eos enim. Dolorum et adipisci facilis. Et voluptatibus doloremque in voluptatum amet ut. Excepturi molestiae laboriosam quia aut.', 2, '2018-10-23 14:15:01', '2018-10-23 14:15:01'),
(125, 25, 'Rowan Streich', 'Ut dolor optio voluptatem ad ex. Alias optio quisquam officia enim et vel et reiciendis. Aliquid omnis quia nobis quo quidem fugiat. Omnis ad animi a ipsam quis. Aspernatur nobis qui cum voluptatem id nemo.', 1, '2018-10-23 14:15:01', '2018-10-23 14:15:01'),
(126, 61, 'Mrs. Eugenia Bartoletti', 'Veritatis omnis aliquid et provident. Itaque voluptatem est quis rerum molestias quidem. Sunt asperiores quaerat nihil magnam. Debitis non corrupti animi veritatis repellendus iusto quis.', 5, '2018-10-23 14:15:01', '2018-10-23 14:15:01'),
(127, 88, 'Marjory Renner', 'Voluptas illo in voluptatem repellat autem eligendi est. Qui reprehenderit dolorem corporis. Accusantium ut et laudantium ut ea saepe.', 1, '2018-10-23 14:15:01', '2018-10-23 14:15:01'),
(128, 53, 'Gwen Witting', 'Maiores sit sit magni quidem ab consequuntur nihil suscipit. Illum qui rerum consectetur sit labore. Quos aut est veritatis beatae.', 2, '2018-10-23 14:15:01', '2018-10-23 14:15:01'),
(129, 1, 'Brad Olson', 'Possimus est hic rerum assumenda dolores quo. Voluptatum ipsa et ut similique earum laboriosam soluta. Sint tempora aspernatur rerum non necessitatibus nesciunt reprehenderit. Voluptatibus explicabo architecto nam fuga est tempora labore quos.', 5, '2018-10-23 14:15:01', '2018-10-23 14:15:01'),
(130, 44, 'Miss Audra Greenfelder II', 'Esse maxime eos ut quo quia vel nemo sit. Omnis quia excepturi doloremque. Sapiente ut ducimus qui et beatae eos illo minima. Quod repellat voluptate et sequi natus facere dicta optio.', 2, '2018-10-23 14:15:01', '2018-10-23 14:15:01'),
(131, 54, 'Prof. Brody Eichmann', 'Voluptas totam dolorem quas nihil dolorem. Labore aperiam repudiandae itaque perspiciatis rerum cum. Quas enim quo possimus velit eaque. Vero pariatur sequi eos facilis.', 1, '2018-10-23 14:15:01', '2018-10-23 14:15:01'),
(132, 7, 'Una Bednar II', 'Sequi suscipit blanditiis et qui. Ipsa iste ab totam dolor voluptatem nemo omnis. Culpa velit voluptatem neque. Exercitationem assumenda modi soluta sint voluptate.', 4, '2018-10-23 14:15:01', '2018-10-23 14:15:01'),
(133, 4, 'Mr. Sage Reilly MD', 'Quisquam quas facilis sed eveniet excepturi. Dolorum molestiae eaque enim quasi eos alias. Unde in consequuntur deserunt ex praesentium. Omnis laudantium corrupti cupiditate voluptas sed quia.', 4, '2018-10-23 14:15:01', '2018-10-23 14:15:01'),
(134, 50, 'Lilliana Pfeffer', 'Voluptatem nobis vitae asperiores et et molestias. Et repellendus sunt et. Accusantium occaecati autem quo deleniti consequatur.', 3, '2018-10-23 14:15:01', '2018-10-23 14:15:01'),
(135, 1, 'Bernice Casper', 'Voluptatem voluptatem eveniet ut occaecati dolor accusamus. Quis similique error ad occaecati aspernatur. Recusandae qui voluptates aspernatur qui velit.', 2, '2018-10-23 14:15:01', '2018-10-23 14:15:01'),
(136, 60, 'Eloy Reynolds', 'Dolore rerum vel fuga et eos non dicta. Laboriosam facilis ut quaerat aut ratione. Enim veniam hic quia dolores.', 0, '2018-10-23 14:15:01', '2018-10-23 14:15:01'),
(137, 47, 'Maximilian Prosacco II', 'Perferendis harum quidem id qui minus. Cumque rerum rem aut et excepturi sit.', 4, '2018-10-23 14:15:01', '2018-10-23 14:15:01'),
(138, 41, 'Dr. Nathaniel Mosciski', 'Sit magni quidem nihil eum quibusdam. Molestiae eligendi dolorem maiores sed architecto vitae ipsa. Esse porro consequuntur laudantium expedita.', 5, '2018-10-23 14:15:01', '2018-10-23 14:15:01'),
(139, 38, 'Mr. Zachary Beer PhD', 'Quis delectus totam et unde culpa eveniet. Exercitationem in maiores nihil. Illo at unde autem ad sint. Reiciendis consequatur unde placeat tempore voluptatem aut ad.', 0, '2018-10-23 14:15:01', '2018-10-23 14:15:01'),
(140, 59, 'Garett Yost', 'Quisquam id voluptatibus explicabo voluptatem mollitia voluptatum libero. Explicabo tempore eum excepturi reprehenderit. Commodi sed est dignissimos ratione sunt et deleniti. Quod voluptas sed qui iste fugiat error quos. Accusantium ea suscipit qui rerum atque.', 3, '2018-10-23 14:15:01', '2018-10-23 14:15:01'),
(141, 45, 'Armand Blick DVM', 'Quae vel in odio quibusdam. Qui adipisci nisi vel illo. Consequatur dolorum nostrum eaque dolor doloremque sed distinctio. Laudantium ad consequatur ut ut.', 2, '2018-10-23 14:15:01', '2018-10-23 14:15:01'),
(142, 36, 'Estell Kovacek III', 'Natus voluptas dolores deleniti qui ipsam error. Aperiam maxime reprehenderit quasi veritatis voluptas commodi atque. Accusantium impedit enim officia. Id similique suscipit dolor natus expedita sit.', 3, '2018-10-23 14:15:01', '2018-10-23 14:15:01'),
(143, 35, 'Prof. Delmer Heidenreich MD', 'Distinctio in illum maxime debitis fugit dolores qui placeat. Sint ut quis non optio voluptas voluptatibus. Dicta neque nam molestias soluta alias aut voluptatem.', 5, '2018-10-23 14:15:01', '2018-10-23 14:15:01'),
(144, 36, 'Lora Fay', 'Perferendis enim maiores aut. Beatae assumenda inventore eaque quia illum delectus. Aut quia cumque architecto quod blanditiis. Eum asperiores ea illo a rerum deleniti aut. Quaerat quod eius omnis ut esse accusamus enim.', 2, '2018-10-23 14:15:01', '2018-10-23 14:15:01'),
(145, 97, 'Mrs. Bryana Mayert I', 'Adipisci vel excepturi eveniet alias sunt sit et. Vel qui omnis dicta corrupti laboriosam totam. Perspiciatis iusto rem blanditiis ipsa cumque quaerat porro.', 4, '2018-10-23 14:15:01', '2018-10-23 14:15:01'),
(146, 34, 'Jennings Fisher', 'Ab quam vel error quos unde explicabo est. Veniam officia quas voluptas ut qui voluptatem aut. Blanditiis ad voluptatem facere. Fuga voluptas est optio quia odit totam. Animi minus vero labore quis aspernatur possimus.', 3, '2018-10-23 14:15:01', '2018-10-23 14:15:01'),
(147, 8, 'Serena Lubowitz', 'Voluptas eaque culpa hic voluptas optio. Porro veniam doloremque quia dignissimos aut expedita. Deserunt autem libero aut unde. Quod vel accusantium dolor et.', 3, '2018-10-23 14:15:01', '2018-10-23 14:15:01'),
(148, 1, 'Mrs. Haven Wyman', 'Dolorum aperiam veritatis deleniti doloribus. Et dignissimos minima consequuntur voluptates. Ut autem similique nihil amet totam. Ipsam ea tenetur culpa minus nam corporis dignissimos.', 0, '2018-10-23 14:15:01', '2018-10-23 14:15:01'),
(149, 25, 'Duncan West Sr.', 'Sapiente ea eius ut inventore. Sit magnam necessitatibus ut ut blanditiis et ducimus. Odit ipsam iste voluptatem in iure aut ab.', 0, '2018-10-23 14:15:01', '2018-10-23 14:15:01'),
(150, 91, 'Alexandra Stokes', 'Deleniti ea dolorum qui dolorum sed velit atque. Quaerat ipsum aut provident cum est aut.', 1, '2018-10-23 14:15:01', '2018-10-23 14:15:01'),
(151, 81, 'Josue Wolff', 'Corporis sunt aut labore et distinctio. Laborum facilis magni et aut sit aperiam ex. In placeat exercitationem facere est. Fuga quia quo dolorem.', 3, '2018-10-23 14:15:01', '2018-10-23 14:15:01'),
(152, 30, 'Dr. Frederik Fahey', 'Molestiae facilis deserunt qui sed voluptatum earum sunt. Dolorem iure voluptates quaerat inventore. Esse ipsum velit voluptates itaque aut neque minus in.', 3, '2018-10-23 14:15:01', '2018-10-23 14:15:01'),
(153, 41, 'Miss Candice Rosenbaum', 'Ad omnis ut laudantium sit. Ipsum ullam vel magni consectetur. Sint aperiam ut adipisci nihil id.', 5, '2018-10-23 14:15:01', '2018-10-23 14:15:01'),
(154, 97, 'Arden Lynch Sr.', 'Voluptas similique est magnam. Omnis quod quia mollitia quia necessitatibus distinctio aut. Dolorem ut eveniet modi temporibus quibusdam.', 3, '2018-10-23 14:15:01', '2018-10-23 14:15:01'),
(155, 26, 'Camden Block MD', 'Reiciendis sequi eveniet vel culpa molestias et necessitatibus. In dolorem magni laudantium placeat eius dolorum. Totam suscipit quisquam est totam sint aut sit consequatur.', 1, '2018-10-23 14:15:01', '2018-10-23 14:15:01'),
(156, 77, 'Clifford Purdy', 'Fugit esse eos in nihil. Omnis asperiores rerum dolor quia. Libero rerum minus reiciendis ad distinctio. Sit dignissimos est quasi est vero a.', 5, '2018-10-23 14:15:01', '2018-10-23 14:15:01'),
(157, 56, 'Prof. Opal Kautzer Sr.', 'Ea mollitia corrupti amet est. Ut et iure magni ullam exercitationem vero nam illum. Delectus doloribus occaecati quas facere est quae.', 2, '2018-10-23 14:15:01', '2018-10-23 14:15:01'),
(158, 24, 'Dr. Sigrid Huel Sr.', 'Totam reiciendis qui ut facere aut sint molestiae. Accusamus autem et illum perspiciatis ut omnis enim.', 1, '2018-10-23 14:15:01', '2018-10-23 14:15:01'),
(159, 96, 'Carolina Kuvalis', 'Rerum asperiores sapiente libero quis quia aspernatur. Id cumque laborum inventore autem nostrum. Tempora dolores laboriosam et.', 5, '2018-10-23 14:15:01', '2018-10-23 14:15:01'),
(160, 82, 'Matteo Olson', 'Beatae repellat sunt doloremque vel sed voluptatem. Dolor molestiae sunt repellat qui possimus deserunt qui quo. Ut odit perferendis et reprehenderit sint quae doloribus ad.', 5, '2018-10-23 14:15:01', '2018-10-23 14:15:01'),
(161, 8, 'Josie Deckow Sr.', 'Voluptatibus qui et et. Quos aspernatur velit est maiores incidunt consequatur. Reprehenderit molestias quas velit quia. Rerum aliquam corporis et quia.', 1, '2018-10-23 14:15:01', '2018-10-23 14:15:01'),
(162, 24, 'Reed Kassulke V', 'Aspernatur rem dolorum quia rem consequuntur. Tempora rem nihil maxime. Id possimus eaque omnis suscipit doloribus voluptas.', 1, '2018-10-23 14:15:01', '2018-10-23 14:15:01'),
(163, 28, 'Prof. Alexis Monahan DVM', 'Sit est ipsum magnam facilis distinctio. Est pariatur dicta saepe est. Praesentium numquam facilis similique rerum corporis nihil quo distinctio. Autem qui laboriosam possimus possimus. Accusantium voluptas recusandae ab odio dolorum rerum.', 4, '2018-10-23 14:15:01', '2018-10-23 14:15:01'),
(164, 65, 'Archibald Bergnaum', 'Aut sapiente consectetur voluptates earum aliquid. Est aut similique assumenda iusto repellat. Repellat nulla quae dignissimos. Explicabo ut cumque quod omnis mollitia. Maiores repellendus ut itaque architecto incidunt.', 5, '2018-10-23 14:15:01', '2018-10-23 14:15:01'),
(165, 27, 'Nora Bailey', 'Impedit laboriosam sit impedit dicta enim et. Dolores qui error ipsum autem magnam nihil. Libero quidem quas reprehenderit.', 2, '2018-10-23 14:15:01', '2018-10-23 14:15:01'),
(166, 22, 'Shaun Cronin', 'Nesciunt sed numquam facere rerum alias assumenda. Incidunt ut voluptatem voluptatibus ratione nostrum sequi. Modi similique ducimus voluptas at quae odio repudiandae. Voluptatem aliquid et doloribus minima rem.', 4, '2018-10-23 14:15:01', '2018-10-23 14:15:01'),
(167, 27, 'Jett Kovacek DDS', 'Quod consectetur nemo excepturi iste perspiciatis quia. Sint vel omnis magnam sapiente sint perspiciatis molestiae labore. Suscipit reiciendis et quia rem quia in. Et exercitationem tempora explicabo delectus aut.', 3, '2018-10-23 14:15:01', '2018-10-23 14:15:01'),
(168, 65, 'Mrs. Libby Heller DDS', 'Ut eligendi neque qui at omnis dolor. Et qui tempora atque odit sunt. Praesentium aut quo iure in a corporis dolor.', 5, '2018-10-23 14:15:01', '2018-10-23 14:15:01'),
(169, 33, 'Delilah Little IV', 'Consectetur iste tempore sint. Distinctio numquam rem harum neque. Dolore iure modi libero qui aut iure voluptatum.', 3, '2018-10-23 14:15:01', '2018-10-23 14:15:01'),
(170, 21, 'Miss Gabrielle Kertzmann', 'Et asperiores nihil temporibus velit sit delectus aut. Molestias earum vitae laudantium tempora reiciendis. Aut et et odio at. Dolorum nihil vitae quae officiis et quia.', 2, '2018-10-23 14:15:01', '2018-10-23 14:15:01'),
(171, 92, 'Mr. Steve Huel', 'Dignissimos voluptas aperiam perspiciatis nemo. Ullam odit qui quasi expedita vitae optio. Incidunt qui modi quidem sunt sed numquam. Voluptatem repellendus deleniti aut sunt accusamus pariatur incidunt.', 0, '2018-10-23 14:15:01', '2018-10-23 14:15:01'),
(172, 3, 'Hermann Bogisich PhD', 'Et dolorem vitae officiis. Dignissimos dolores natus ut dolorem. Sit sit qui non alias nulla ut.', 3, '2018-10-23 14:15:01', '2018-10-23 14:15:01'),
(173, 54, 'Dereck Legros', 'Blanditiis sint mollitia quo aut voluptatem voluptatem. Amet quis aut porro et dolore placeat qui necessitatibus. Rem libero saepe similique quam optio laborum.', 3, '2018-10-23 14:15:01', '2018-10-23 14:15:01'),
(174, 79, 'Rebekah Weissnat', 'Sequi ad quia quaerat ducimus aut assumenda voluptatem optio. Quisquam esse occaecati officiis. Minima qui perspiciatis veritatis neque fugit autem libero sequi.', 0, '2018-10-23 14:15:01', '2018-10-23 14:15:01'),
(175, 47, 'Dr. Jan Botsford', 'Perspiciatis magni labore sint molestias ducimus occaecati dolores amet. Odit minima totam cumque aut. Dolor dolor est accusantium quas doloribus. Inventore pariatur maxime nihil dolor quia et.', 0, '2018-10-23 14:15:01', '2018-10-23 14:15:01'),
(176, 46, 'Tianna Wyman', 'Quia ut id neque ut dignissimos. Neque id nisi molestiae accusantium cumque est. Ut quo cum enim debitis laborum officia. Autem illo inventore rerum voluptas atque molestias dicta perferendis.', 3, '2018-10-23 14:15:01', '2018-10-23 14:15:01'),
(177, 96, 'Berry Langworth IV', 'Incidunt inventore a ipsum. Sit porro quia in a veritatis. Ea illum sapiente voluptas voluptas modi.', 5, '2018-10-23 14:15:01', '2018-10-23 14:15:01'),
(178, 92, 'Duncan Schroeder', 'Repudiandae unde ipsam vitae aut corporis. Eos non saepe sit. Magnam fugit voluptatem quaerat cupiditate dolorem. Doloremque ab non ipsam qui blanditiis.', 3, '2018-10-23 14:15:01', '2018-10-23 14:15:01'),
(179, 76, 'Trystan Volkman III', 'Neque voluptatem iusto suscipit occaecati facilis dolorem ut. Ut tempore voluptatem ipsa dolore ut ipsum ut. Consequatur excepturi aliquam ex iure tempore voluptatem quia. Ut voluptatem beatae doloremque quos commodi quos.', 5, '2018-10-23 14:15:01', '2018-10-23 14:15:01'),
(180, 11, 'Alexandra Kessler', 'Earum minima modi quis et. Omnis saepe velit saepe. Non suscipit minus quia tempora voluptatem provident esse.', 3, '2018-10-23 14:15:01', '2018-10-23 14:15:01'),
(181, 25, 'Dr. Lewis Carroll', 'Maiores temporibus voluptas eius ea molestiae aut. Facere ut qui dolorem illum facere. Blanditiis mollitia temporibus neque repellendus qui quos a.', 1, '2018-10-23 14:15:01', '2018-10-23 14:15:01'),
(182, 79, 'Rudolph Marks', 'Repellendus et esse voluptas est debitis. Similique quia a numquam corrupti aliquam sit. Beatae quo voluptas et dolorem ipsa earum similique. Sint voluptatem cum quis vero amet.', 3, '2018-10-23 14:15:01', '2018-10-23 14:15:01'),
(183, 3, 'Dr. Kathlyn Hamill Sr.', 'Modi deleniti illo sed eveniet tempora iusto. Est modi dolorem deleniti blanditiis eius delectus. Nesciunt deleniti aut dolorum ut quis accusantium. Asperiores nobis dicta dolor incidunt facilis quis ut. Harum doloribus debitis sit eos quaerat sed.', 2, '2018-10-23 14:15:01', '2018-10-23 14:15:01'),
(184, 83, 'Charlene Hettinger', 'Consequuntur quia quo accusantium maiores nobis rerum. Iusto distinctio quo sapiente nam neque assumenda et. Excepturi et consectetur fugit voluptate omnis. Fugiat in debitis dolores odio.', 5, '2018-10-23 14:15:01', '2018-10-23 14:15:01'),
(185, 21, 'Prof. Raymundo Marks PhD', 'Itaque reiciendis quaerat natus repellendus est. Sint accusamus eius hic possimus quisquam dolores deleniti. Saepe rem corrupti aut eveniet aut. Hic corrupti qui sed laboriosam aut dolor.', 3, '2018-10-23 14:15:01', '2018-10-23 14:15:01'),
(186, 84, 'Prof. Albin Grimes V', 'Sint et occaecati quas culpa quo pariatur ipsam. Est fugiat dolores sunt numquam. Asperiores necessitatibus nihil magnam vitae delectus.', 0, '2018-10-23 14:15:01', '2018-10-23 14:15:01'),
(187, 92, 'Dulce Satterfield', 'Et est ducimus voluptatibus est sit. Voluptatem maxime quas molestias voluptatem quia quo. Dicta eius porro rerum maiores odio sit.', 5, '2018-10-23 14:15:01', '2018-10-23 14:15:01'),
(188, 53, 'Nina Kuhn', 'Et quaerat quae enim dolor. Dolores non totam porro ipsum velit odio. Officia eos recusandae sit enim consequatur ex odit magnam. Qui doloribus autem ut qui nostrum soluta.', 3, '2018-10-23 14:15:01', '2018-10-23 14:15:01'),
(189, 14, 'Elvis Tillman', 'Assumenda beatae blanditiis fuga sunt accusantium aperiam. Natus ipsa iusto reiciendis est voluptatibus vitae.', 0, '2018-10-23 14:15:01', '2018-10-23 14:15:01'),
(190, 63, 'Destini Predovic', 'Fuga vitae eos doloribus earum aut. Facilis fugit dignissimos placeat non quis et. Est libero non ad qui et et impedit.', 0, '2018-10-23 14:15:01', '2018-10-23 14:15:01'),
(191, 91, 'Lane Lang', 'Ipsum iste corporis neque omnis eius repellat et minus. Eos deserunt tempora ut dignissimos quae repellat et deserunt. Fugit ducimus sed distinctio earum numquam. Fuga nobis necessitatibus et itaque neque nihil.', 4, '2018-10-23 14:15:01', '2018-10-23 14:15:01'),
(192, 61, 'Juliana Doyle', 'Tempora alias ducimus tempore modi voluptas. Ipsa quae ab et consequatur. Beatae ea beatae voluptate libero ab voluptas voluptas.', 3, '2018-10-23 14:15:01', '2018-10-23 14:15:01'),
(193, 61, 'Julius Leffler', 'Quisquam laudantium qui et illo. Sapiente natus at fugiat est natus. Quia sint et aliquid eligendi labore impedit.', 0, '2018-10-23 14:15:01', '2018-10-23 14:15:01'),
(194, 9, 'Dariana Tremblay', 'Expedita ducimus nulla dolor eveniet. At laboriosam beatae sint voluptas. Doloribus laudantium sed soluta corporis impedit qui.', 5, '2018-10-23 14:15:01', '2018-10-23 14:15:01'),
(195, 50, 'Margaretta Medhurst', 'Quia quos dolores eum pariatur quibusdam perferendis. Aut qui ab molestiae minima quia. Praesentium laboriosam est tempora provident. Ut voluptatem itaque dicta.', 2, '2018-10-23 14:15:01', '2018-10-23 14:15:01'),
(196, 49, 'Nicolette Streich V', 'Ut molestiae sed dolor sapiente ab dolorum rerum. Unde omnis vero id eum. Ut est vel veritatis sit distinctio sint sapiente. Iure aut at omnis possimus dolorem.', 1, '2018-10-23 14:15:01', '2018-10-23 14:15:01'),
(197, 23, 'Thelma Raynor', 'Nisi voluptatum maxime quasi quae aliquam enim facilis. Suscipit est adipisci magnam doloribus temporibus. Voluptas quis cum quisquam.', 3, '2018-10-23 14:15:01', '2018-10-23 14:15:01'),
(198, 36, 'Hudson Schaden', 'Saepe eos quasi est quia facilis. Dolor itaque aliquam doloremque enim dolores aliquid. Veniam voluptates quod nam eaque aliquam iste.', 3, '2018-10-23 14:15:01', '2018-10-23 14:15:01'),
(199, 76, 'Matilda Hilpert', 'Quis recusandae cupiditate autem minima fugiat optio. Et dolore quae architecto rerum.', 1, '2018-10-23 14:15:01', '2018-10-23 14:15:01'),
(200, 10, 'Alfonzo Tromp', 'Dolor laudantium pariatur perspiciatis sit dolores aut. Perferendis maxime accusantium voluptatem aut nulla.', 5, '2018-10-23 14:15:01', '2018-10-23 14:15:01'),
(201, 50, 'Stephon Price', 'Odit hic vel quo. Fugit nisi porro illo sint repellat vel. Sunt numquam ea odio.', 3, '2018-10-23 14:15:01', '2018-10-23 14:15:01'),
(202, 52, 'Evans Konopelski', 'Deleniti doloremque laudantium ut soluta velit quisquam qui. Dolor nemo omnis laudantium quae reprehenderit. Libero reprehenderit repellendus laborum reprehenderit. Aut ea at autem quia id atque nesciunt.', 3, '2018-10-23 14:15:01', '2018-10-23 14:15:01'),
(203, 5, 'Serena Flatley', 'Et nobis aperiam velit repudiandae possimus quae et. Magni sequi corporis natus qui laboriosam sapiente. Omnis ab provident eaque.', 0, '2018-10-23 14:15:01', '2018-10-23 14:15:01'),
(204, 87, 'Selena Schulist', 'Aut quia voluptas molestiae. Ut ullam sit dolor odio blanditiis voluptatem.', 2, '2018-10-23 14:15:01', '2018-10-23 14:15:01'),
(205, 35, 'Crawford Kassulke', 'Quibusdam dolor hic magni nam. Nulla ipsam aut nisi culpa fugit repellat. Maxime sunt doloremque autem.', 5, '2018-10-23 14:15:01', '2018-10-23 14:15:01'),
(206, 64, 'Oda Kemmer', 'Consequuntur et sint repellat sunt. Id dolore pariatur autem ut. Similique occaecati officia accusantium impedit. Quidem rerum qui expedita reprehenderit sint aut voluptatum.', 0, '2018-10-23 14:15:01', '2018-10-23 14:15:01'),
(207, 72, 'Gillian Larkin', 'Dignissimos beatae provident eum laborum qui. Est quo dolor velit impedit magni occaecati sint. Ut magnam ab non dolor. Eos delectus molestiae quod magni voluptate a sit.', 3, '2018-10-23 14:15:01', '2018-10-23 14:15:01'),
(208, 77, 'Mr. Norris Maggio II', 'Voluptatem et aperiam vel repellat. Accusamus non quia id molestiae natus ut. Voluptates rerum voluptatem aperiam dolorum quo commodi sed.', 5, '2018-10-23 14:15:01', '2018-10-23 14:15:01'),
(209, 71, 'Jason Wiegand', 'In qui iste est temporibus repudiandae rem ipsam. Sequi magni distinctio voluptate nemo quo itaque. Excepturi repudiandae quo voluptatum ullam nihil. Necessitatibus omnis dolorum blanditiis.', 4, '2018-10-23 14:15:01', '2018-10-23 14:15:01'),
(210, 65, 'Merl McGlynn', 'Nam quo iste repudiandae laudantium quia magni laudantium. Placeat quis tempora suscipit voluptas. Quae itaque aut quisquam rem ducimus. Ut et accusantium quis porro sequi.', 5, '2018-10-23 14:15:01', '2018-10-23 14:15:01'),
(211, 16, 'Cara Harris', 'Explicabo dolor autem consequatur quis dolorum sint. Pariatur corporis sapiente et deleniti labore dolor corrupti. Perferendis at consequatur qui asperiores. Incidunt facilis sint expedita rerum velit ducimus et.', 5, '2018-10-23 14:15:01', '2018-10-23 14:15:01');
INSERT INTO `reviews` (`id`, `product_id`, `customer`, `review`, `star`, `created_at`, `updated_at`) VALUES
(212, 15, 'Dr. Curtis Beatty', 'Sunt quam minima voluptas qui et quibusdam. Incidunt aliquid adipisci quod vitae. Omnis nihil placeat ex laudantium perferendis hic voluptatem non.', 1, '2018-10-23 14:15:01', '2018-10-23 14:15:01'),
(213, 88, 'Mr. Allan Rippin', 'Culpa quam saepe facilis a sed ab. Occaecati dolor eligendi atque rem hic. Quo minus laboriosam quia a qui.', 5, '2018-10-23 14:15:01', '2018-10-23 14:15:01'),
(214, 95, 'Otha Carter', 'Sint perferendis natus cum veniam quis ut. Expedita voluptates earum nihil nisi sed. Consectetur beatae quaerat est voluptatem dicta occaecati.', 3, '2018-10-23 14:15:01', '2018-10-23 14:15:01'),
(215, 11, 'Prof. Brenda Hermann Sr.', 'Aut voluptas suscipit officiis molestiae quo nesciunt et. Tempore asperiores itaque autem temporibus similique assumenda voluptas animi. Sint et magnam qui quae nobis a.', 4, '2018-10-23 14:15:01', '2018-10-23 14:15:01'),
(216, 42, 'Monserrat Kreiger', 'Omnis alias dolorum aut deleniti. Architecto ut aliquid quisquam nihil fugit a corrupti. Ex cupiditate sunt iusto deleniti. Aliquam id qui laudantium.', 3, '2018-10-23 14:15:01', '2018-10-23 14:15:01'),
(217, 63, 'Prof. Zion Lehner', 'Et vero voluptas vel sequi maiores. Necessitatibus provident non consequatur dolor nobis cumque voluptas. Explicabo et aut est pariatur ullam. Sit totam dolorum non et deleniti.', 4, '2018-10-23 14:15:01', '2018-10-23 14:15:01'),
(218, 64, 'Marlin Lowe', 'Qui libero sint et ex. Qui molestiae aliquam nihil perspiciatis.', 3, '2018-10-23 14:15:01', '2018-10-23 14:15:01'),
(219, 11, 'Prof. Tyrique Lindgren DDS', 'Et dolor facere aliquid voluptatem ut. Debitis est sunt et cumque natus ut et. Iure consequatur cumque dolor vero dignissimos vero dolorem dolor.', 0, '2018-10-23 14:15:01', '2018-10-23 14:15:01'),
(220, 85, 'Mr. Adonis Cassin Sr.', 'Dolore fugit iste sint rem. Et perferendis sed rerum architecto at. Repellendus aliquid saepe autem rerum et accusantium qui.', 3, '2018-10-23 14:15:01', '2018-10-23 14:15:01'),
(221, 99, 'Annabell Zemlak', 'Eos ea architecto nulla deleniti. Rerum assumenda voluptas dolor in iste doloremque qui. Laudantium a in vel ab accusantium totam quas. Corporis fuga blanditiis optio eligendi nesciunt exercitationem.', 3, '2018-10-23 14:15:01', '2018-10-23 14:15:01'),
(222, 20, 'Freeman Russel', 'Recusandae et nostrum delectus accusamus non temporibus rem. Magni eos sint beatae maiores aut optio. Facere recusandae non dicta quidem et quo nostrum. Asperiores voluptatum nulla quis.', 1, '2018-10-23 14:15:01', '2018-10-23 14:15:01'),
(223, 68, 'Friedrich Labadie IV', 'Incidunt dicta aut ut inventore perspiciatis. Tenetur delectus in sit. Qui exercitationem ipsum quo accusamus illo maxime.', 4, '2018-10-23 14:15:01', '2018-10-23 14:15:01'),
(224, 62, 'Edgardo Little', 'Voluptatem nemo ea quasi sed et nulla voluptatem. Ut molestiae similique dolorem. Modi vero reprehenderit necessitatibus aut dolores. Aut veritatis tempora est molestias odit distinctio.', 4, '2018-10-23 14:15:01', '2018-10-23 14:15:01'),
(225, 65, 'Marilou Rohan Jr.', 'Nihil qui adipisci beatae et inventore. Dignissimos commodi quia et voluptatem blanditiis. Dolore veniam voluptatem quibusdam et similique aut non.', 0, '2018-10-23 14:15:01', '2018-10-23 14:15:01'),
(226, 14, 'Nat Brekke', 'Vitae molestias molestias voluptas dignissimos earum. Est est beatae voluptates et corporis. Eum voluptates eaque modi modi perspiciatis.', 3, '2018-10-23 14:15:01', '2018-10-23 14:15:01'),
(227, 41, 'Prof. Michel Connelly PhD', 'Illum fugit quasi repellendus. Adipisci omnis officia velit architecto assumenda esse. Assumenda eligendi reiciendis quis perferendis cumque facilis id. Perferendis voluptatem et sed ut iure quia quas cumque.', 4, '2018-10-23 14:15:01', '2018-10-23 14:15:01'),
(228, 64, 'Kieran Mayer', 'Illo asperiores animi et. Asperiores voluptas recusandae nostrum rerum velit voluptas. Accusantium veniam ducimus pariatur quia sint est.', 3, '2018-10-23 14:15:01', '2018-10-23 14:15:01'),
(229, 9, 'Jean Kassulke', 'Dolores fugit at et sed ea dolor at. Aliquid temporibus atque quia. Dolor ut eaque est sequi qui fugit aut. Minima deserunt quam saepe ipsa ea.', 2, '2018-10-23 14:15:01', '2018-10-23 14:15:01'),
(230, 60, 'Roman Rodriguez DVM', 'Adipisci sit id asperiores mollitia vitae aut ea. Pariatur illum est eaque eaque est. Nemo atque occaecati voluptates. Et consequatur vero natus voluptatibus amet perspiciatis molestias.', 4, '2018-10-23 14:15:01', '2018-10-23 14:15:01'),
(231, 81, 'Imani Wintheiser', 'Consequatur quae ut qui qui quis ea veritatis. Porro laboriosam et soluta assumenda sunt amet sint. Aut doloribus nesciunt molestias delectus perferendis. Sunt sunt impedit voluptatem sint asperiores eveniet ducimus.', 3, '2018-10-23 14:15:01', '2018-10-23 14:15:01'),
(232, 11, 'Dr. Constance Rice', 'Consequuntur et beatae repudiandae accusamus. Dolores dolorum et perspiciatis. Repudiandae non eveniet aliquam. Occaecati praesentium qui numquam amet est voluptatem. Aut deserunt dolor natus nemo.', 2, '2018-10-23 14:15:01', '2018-10-23 14:15:01'),
(233, 99, 'Ms. Halie Bernhard V', 'Vitae explicabo qui temporibus est consequatur voluptatum suscipit. Aliquam voluptatibus repudiandae aut. Non nam laborum dignissimos ut nam nam voluptas.', 4, '2018-10-23 14:15:01', '2018-10-23 14:15:01'),
(234, 89, 'Johnpaul Osinski', 'Dolorem nisi et dignissimos quo tempora. Enim minima voluptas distinctio repudiandae assumenda omnis ut. Enim itaque sit distinctio iste.', 1, '2018-10-23 14:15:01', '2018-10-23 14:15:01'),
(235, 32, 'Alanis Prohaska', 'Perspiciatis placeat repellendus qui et. Vitae sed sunt qui ipsam qui magni. Ut id qui corporis exercitationem cupiditate. Dolorum voluptatem ipsum hic quidem quam rem.', 5, '2018-10-23 14:15:01', '2018-10-23 14:15:01'),
(236, 55, 'Miss Kavon Fay', 'Dolores et dicta libero rem quae. Sunt dolores in doloribus mollitia. Minus incidunt cum labore unde eaque impedit error. Quo qui quos voluptatem incidunt ea.', 1, '2018-10-23 14:15:01', '2018-10-23 14:15:01'),
(237, 45, 'Erik Robel', 'Et dolorem labore molestias quas nesciunt. Ratione et consequatur laboriosam ut voluptatibus. Odio repellat aliquam voluptatem. Et est autem expedita sed doloremque aperiam autem.', 2, '2018-10-23 14:15:01', '2018-10-23 14:15:01'),
(238, 27, 'Mrs. Sarina Larson III', 'Libero velit fuga ut corporis nesciunt quas voluptas qui. Impedit pariatur velit repudiandae.', 2, '2018-10-23 14:15:01', '2018-10-23 14:15:01'),
(239, 36, 'Vernon Wehner MD', 'Et itaque provident magnam natus sapiente. Quo totam laboriosam porro qui rerum placeat. Illo voluptatibus quae voluptatem non perspiciatis. Deleniti veritatis sit ad sequi quae in et. Nostrum fugit architecto amet eligendi esse qui qui.', 5, '2018-10-23 14:15:01', '2018-10-23 14:15:01'),
(240, 1, 'Dr. May Greenfelder', 'Aperiam est aut reiciendis quia qui. Illum et soluta repellat iste qui. Aut sapiente aut ducimus ut dolor. Et qui officia id possimus quisquam rerum dolor laudantium.', 2, '2018-10-23 14:15:01', '2018-10-23 14:15:01'),
(241, 32, 'Prof. Drake Weber', 'Et repellendus sed quisquam voluptas quam illo mollitia ab. Est ut architecto totam odit.', 3, '2018-10-23 14:15:01', '2018-10-23 14:15:01'),
(242, 93, 'Timothy Schroeder III', 'Blanditiis quibusdam sit iusto qui veniam sapiente iste. Iure voluptas harum nostrum minus quos sit. Tempore dolorum veniam quod quasi maiores officia.', 5, '2018-10-23 14:15:01', '2018-10-23 14:15:01'),
(243, 64, 'Tabitha Frami', 'Soluta sit in quam et sunt repudiandae. Aut pariatur aut facilis eligendi.', 3, '2018-10-23 14:15:01', '2018-10-23 14:15:01'),
(244, 86, 'Mercedes Klocko', 'Officia corrupti magnam optio. Reprehenderit labore vero voluptatem dignissimos. Ut aperiam soluta modi aspernatur recusandae hic. Hic similique excepturi voluptas non atque architecto atque est.', 0, '2018-10-23 14:15:01', '2018-10-23 14:15:01'),
(245, 33, 'Hiram Fritsch', 'Ut ipsa recusandae aut voluptatem fuga architecto. Et placeat corrupti excepturi nemo id. Culpa non ratione repudiandae ex animi nulla eius tenetur. Ad architecto id voluptas nulla.', 4, '2018-10-23 14:15:01', '2018-10-23 14:15:01'),
(246, 59, 'Demetris Nicolas', 'Earum eius et dolorum porro deleniti voluptas voluptas. Omnis aspernatur et aut quia. Unde dicta suscipit ab debitis excepturi quasi. Impedit ut accusamus architecto iusto veniam magnam. Dignissimos saepe sint aspernatur quis similique eum sit.', 0, '2018-10-23 14:15:01', '2018-10-23 14:15:01'),
(247, 47, 'Delbert Feeney', 'Aliquid tempora sunt quod. Sed sunt omnis et quis corporis placeat impedit ipsam.', 0, '2018-10-23 14:15:01', '2018-10-23 14:15:01'),
(248, 14, 'Jamar Hammes', 'Est rem dolores nemo blanditiis et mollitia est natus. Voluptatem ipsum dolorem itaque et fuga fugit provident. Vel deserunt sit rerum dignissimos et possimus quos. Fugit sint sed itaque dolorem dolores vitae a.', 4, '2018-10-23 14:15:01', '2018-10-23 14:15:01'),
(249, 74, 'Prof. Savanna Balistreri', 'Vitae aperiam aut voluptas consectetur iste. Est rerum eos cupiditate laboriosam necessitatibus cumque accusantium. Quia quia porro rerum.', 5, '2018-10-23 14:15:01', '2018-10-23 14:15:01'),
(250, 64, 'Ayana Buckridge', 'Placeat consequuntur voluptatem earum. Cumque et velit non sequi. Natus alias necessitatibus neque deleniti assumenda praesentium.', 5, '2018-10-23 14:15:01', '2018-10-23 14:15:01'),
(251, 33, 'Sandrine Ankunding', 'Quibusdam non sit repudiandae consequuntur unde praesentium blanditiis. Facilis aut vel ut in id soluta quod. Totam quia praesentium dignissimos soluta nulla natus. Vel earum alias et quasi neque eius rem.', 4, '2018-10-23 14:15:01', '2018-10-23 14:15:01'),
(252, 95, 'Troy Gutmann', 'Delectus ut non laborum odit sed. Quia maxime sit molestiae sunt. Blanditiis et dolorum consectetur eius enim eos.', 0, '2018-10-23 14:15:01', '2018-10-23 14:15:01'),
(253, 79, 'Monica Kemmer', 'Voluptatibus occaecati est labore dolorem voluptatem perspiciatis voluptatibus qui. Ipsum qui amet sint illum pariatur corporis adipisci. Exercitationem rerum aut facere et magnam. Modi ullam sequi ratione qui.', 3, '2018-10-23 14:15:01', '2018-10-23 14:15:01'),
(254, 44, 'Jacquelyn Ferry', 'Dolores non corporis voluptate occaecati. Officiis fugiat eos maxime molestias. Enim autem sit distinctio architecto ut commodi. Dolore molestias animi omnis voluptatem quam ad dolores.', 0, '2018-10-23 14:15:01', '2018-10-23 14:15:01'),
(255, 83, 'Prof. Jolie Grady PhD', 'Dolorem est accusamus tempora velit et in. Molestiae sed praesentium soluta dicta repudiandae qui consequatur. Temporibus id cupiditate ad ullam quod blanditiis.', 1, '2018-10-23 14:15:01', '2018-10-23 14:15:01'),
(256, 69, 'Terence Hackett DVM', 'Sit non et dolor blanditiis possimus repellendus itaque. Dolores neque sint incidunt culpa voluptatibus explicabo.', 1, '2018-10-23 14:15:01', '2018-10-23 14:15:01'),
(257, 53, 'Maci Schinner', 'Consequuntur harum veniam voluptate et. Enim eligendi et voluptas modi. Sed perferendis aut voluptatum minus et. Provident quis iusto harum voluptatibus dolores sapiente ut ut.', 2, '2018-10-23 14:15:01', '2018-10-23 14:15:01'),
(258, 52, 'Marcella Mueller', 'Velit excepturi cum sunt dolorem debitis alias odit dolorum. Facilis ipsum autem eaque.', 5, '2018-10-23 14:15:01', '2018-10-23 14:15:01'),
(259, 19, 'Mr. Keshawn Wehner II', 'Repellendus illum est maxime et. Rerum vitae sit atque.', 4, '2018-10-23 14:15:01', '2018-10-23 14:15:01'),
(260, 54, 'Abigale Kulas', 'Expedita enim sed placeat blanditiis in nobis quam. Laboriosam qui aut ad dolorum omnis officiis. Consectetur iusto quae magni ut culpa doloribus maiores cumque.', 2, '2018-10-23 14:15:01', '2018-10-23 14:15:01'),
(261, 83, 'Alexander Streich', 'Qui id doloribus delectus facilis laboriosam ut. Iste sit voluptas porro officiis porro nemo. Et facilis voluptatem ut possimus excepturi libero sit. Consequatur voluptatem minima dolorum quae autem dolorem qui.', 1, '2018-10-23 14:15:01', '2018-10-23 14:15:01'),
(262, 90, 'Cathy Gulgowski', 'Consectetur qui quia fugiat adipisci. Veniam voluptas sit molestiae dolore et. Et ducimus minima qui voluptatem. Itaque facilis libero dolorum occaecati dolores.', 0, '2018-10-23 14:15:01', '2018-10-23 14:15:01'),
(263, 65, 'Conner Wiegand', 'Modi exercitationem sed ea quis veniam natus amet. Quaerat rerum aut quod. Rem sint culpa et vel sint recusandae eum.', 5, '2018-10-23 14:15:01', '2018-10-23 14:15:01'),
(264, 59, 'Avery Mayert', 'Corrupti deleniti voluptate accusamus similique quisquam corrupti corporis. Ducimus vitae et qui incidunt quia et fuga. Optio id consequatur numquam nam et.', 5, '2018-10-23 14:15:01', '2018-10-23 14:15:01'),
(265, 4, 'Dr. Terry Rohan DVM', 'In voluptas eveniet doloremque rerum consequatur reprehenderit enim. Voluptatibus id expedita adipisci consequatur qui id voluptatum. Eum sint ipsam omnis labore iure velit. Quod expedita nostrum aut.', 1, '2018-10-23 14:15:01', '2018-10-23 14:15:01'),
(266, 94, 'Sabina Stoltenberg', 'Perferendis voluptatibus placeat et nostrum veritatis voluptates. Pariatur nemo tenetur consequatur veritatis. Nobis eos eos sequi iste ut saepe quidem.', 1, '2018-10-23 14:15:01', '2018-10-23 14:15:01'),
(267, 3, 'Dr. Ayden Brown', 'Minima nihil et voluptatem cumque. Aut dicta harum earum cumque. Dolorum similique excepturi et libero repudiandae deserunt.', 1, '2018-10-23 14:15:01', '2018-10-23 14:15:01'),
(268, 47, 'Alfonso Ledner', 'Ratione qui ipsa et iusto. Debitis est esse et maiores nulla. Aliquid minus qui soluta voluptates.', 4, '2018-10-23 14:15:01', '2018-10-23 14:15:01'),
(269, 63, 'Lora Ferry', 'Et dignissimos optio dolor accusamus aliquid. Placeat amet deserunt ea omnis. Totam quam a quis. Ipsa delectus voluptatem animi odit veritatis hic id.', 4, '2018-10-23 14:15:01', '2018-10-23 14:15:01'),
(270, 81, 'Lisette Bahringer', 'Dolor architecto dignissimos itaque voluptas. Iusto laboriosam dolor pariatur dolore enim deserunt. Aut mollitia iste rerum fugiat quis deleniti.', 0, '2018-10-23 14:15:01', '2018-10-23 14:15:01'),
(271, 22, 'Prof. Ephraim Kuhic DDS', 'Et voluptatem rem qui labore velit. Esse atque non libero tempore explicabo.', 1, '2018-10-23 14:15:01', '2018-10-23 14:15:01'),
(272, 2, 'Mr. Jayme Rippin', 'Facilis totam exercitationem eos et. At quia odio omnis vel dolore. Deleniti sed similique eum voluptatem.', 1, '2018-10-23 14:15:01', '2018-10-23 14:15:01'),
(273, 9, 'Prof. Dante Ebert PhD', 'Quia error voluptatem exercitationem quaerat vel. Est officiis enim ut natus illum modi. Repudiandae doloremque quas mollitia molestiae et. Sed repudiandae culpa quisquam maxime illum eius vel.', 0, '2018-10-23 14:15:01', '2018-10-23 14:15:01'),
(274, 55, 'Prof. Kathryn Leffler PhD', 'Optio ipsum voluptatibus quia mollitia distinctio veritatis. Porro dignissimos dignissimos quia id tenetur cum.', 1, '2018-10-23 14:15:01', '2018-10-23 14:15:01'),
(275, 72, 'Bettie Glover', 'Aut illo voluptatem cum enim accusamus ullam. Qui dolores illo et impedit porro. Id impedit voluptatibus nisi voluptate voluptas omnis pariatur. In iusto culpa necessitatibus in.', 5, '2018-10-23 14:15:01', '2018-10-23 14:15:01'),
(276, 97, 'Miss Fabiola Leffler DDS', 'Quia harum consequatur sint. Aut molestiae et esse adipisci. Sequi deserunt et reprehenderit et. Laborum suscipit fugiat ex.', 0, '2018-10-23 14:15:01', '2018-10-23 14:15:01'),
(277, 74, 'Dr. Darion Brakus', 'Amet quidem ut adipisci minus. Minima officiis ratione sint doloremque nulla. Quia corrupti consequuntur ut voluptas et placeat culpa.', 0, '2018-10-23 14:15:01', '2018-10-23 14:15:01'),
(278, 5, 'Ms. Alba Stark', 'Tenetur consequatur minima facere necessitatibus. Quis eius non tempore eveniet ut. Accusamus veritatis provident placeat dolores asperiores.', 4, '2018-10-23 14:15:01', '2018-10-23 14:15:01'),
(279, 100, 'Prof. Fredrick Lockman I', 'Inventore animi dolores rerum amet impedit architecto autem. Vero enim ratione animi atque. Earum est et maxime quod. Et voluptatem ad magni quo neque ex consequatur.', 1, '2018-10-23 14:15:01', '2018-10-23 14:15:01'),
(280, 94, 'Gracie Schumm', 'Nihil et voluptas est et. Saepe mollitia ducimus neque iusto quam. Natus amet a id quae vero ipsum.', 4, '2018-10-23 14:15:01', '2018-10-23 14:15:01'),
(281, 80, 'Cleveland Armstrong', 'Perferendis aut est voluptas saepe veniam. Unde quis qui assumenda molestias. Dolore dolor vel iste esse nemo. Quidem enim in esse et.', 1, '2018-10-23 14:15:01', '2018-10-23 14:15:01'),
(282, 38, 'Mr. Elroy Hilpert', 'Architecto distinctio amet aut enim quam nisi voluptas. Eaque fugit quae aut quae fugit.', 2, '2018-10-23 14:15:01', '2018-10-23 14:15:01'),
(283, 98, 'Darrion Schuster', 'Adipisci eum nemo quaerat numquam tempora. Debitis est voluptatem et dolorem amet itaque sunt. Temporibus et voluptas et quia sit. Odio hic aut fuga odit eos dolorem.', 5, '2018-10-23 14:15:01', '2018-10-23 14:15:01'),
(284, 8, 'Jamal Oberbrunner', 'Expedita quis accusamus vitae. Provident repellendus nobis nobis labore inventore sint eius. Ut error qui occaecati ratione rerum.', 5, '2018-10-23 14:15:01', '2018-10-23 14:15:01'),
(285, 32, 'Morris Spinka I', 'Rerum qui non consequatur voluptate excepturi ullam. Et aut officiis quo molestiae. Eligendi sequi exercitationem voluptas incidunt sint vel nulla.', 1, '2018-10-23 14:15:01', '2018-10-23 14:15:01'),
(286, 43, 'Hank Harber', 'Ea iste enim veniam corrupti dicta quam. Id et quis animi nihil.', 3, '2018-10-23 14:15:01', '2018-10-23 14:15:01'),
(287, 31, 'Norma Ullrich', 'Dolores porro voluptatem quaerat. Eum dolores atque quis rerum explicabo id. Quia corrupti nostrum numquam quos deserunt tempora.', 2, '2018-10-23 14:15:01', '2018-10-23 14:15:01'),
(288, 14, 'Prof. Jimmie O\'Connell', 'Quisquam autem suscipit ea et voluptas nihil. Qui dolore impedit minus repellendus. Minima rerum architecto natus esse ratione ad.', 4, '2018-10-23 14:15:01', '2018-10-23 14:15:01'),
(289, 14, 'Myrl Spinka', 'Nostrum vitae ipsum autem possimus. Mollitia sed quidem sit sit rem veritatis saepe officia. Hic velit quia iusto odit.', 3, '2018-10-23 14:15:01', '2018-10-23 14:15:01'),
(290, 60, 'Dr. Torey Schuster', 'Molestiae voluptates neque fuga est consequuntur odit. Temporibus aliquam ipsa voluptatem non.', 2, '2018-10-23 14:15:01', '2018-10-23 14:15:01'),
(291, 7, 'Esmeralda Russel', 'Amet dolorum nobis eos optio. Suscipit dolorem hic similique quod. Sed corrupti modi possimus aut omnis.', 3, '2018-10-23 14:15:01', '2018-10-23 14:15:01'),
(292, 71, 'Rickey Predovic I', 'Est neque eveniet harum recusandae sit. Voluptas quod delectus sed quis ipsum et. Ducimus explicabo deleniti expedita aut nostrum. Sed voluptatem quisquam cum sed porro.', 5, '2018-10-23 14:15:01', '2018-10-23 14:15:01'),
(293, 29, 'Dr. Collin Abshire IV', 'Consequuntur quasi nam excepturi fugit. Reiciendis voluptas ab veritatis sint placeat asperiores. Nesciunt quod iste ut unde voluptatem repellendus. Illo sint error ipsa doloribus.', 0, '2018-10-23 14:15:01', '2018-10-23 14:15:01'),
(294, 52, 'Prof. Felicita Wolff', 'Eaque vel consequatur voluptatum. Et explicabo dolor eum quis similique at amet minus. Voluptatem ut sed quia delectus aliquam laborum. Omnis itaque eius praesentium ratione facilis tempora. Autem ut placeat iste.', 1, '2018-10-23 14:15:01', '2018-10-23 14:15:01'),
(295, 88, 'Mr. Trenton Baumbach Sr.', 'Veritatis nam tempore ullam non voluptas dolorem non commodi. Minus minima doloribus optio odio assumenda rerum est.', 0, '2018-10-23 14:15:01', '2018-10-23 14:15:01'),
(296, 70, 'Brandon McKenzie', 'Sed sit quidem error. Iure et voluptatem ex omnis.', 5, '2018-10-23 14:15:01', '2018-10-23 14:15:01'),
(297, 80, 'Darrel Schulist', 'Libero voluptatem accusantium ut architecto. Voluptatem eius id et. Et dolor laudantium omnis dolore ut qui quos. Qui et est voluptatem ut animi dolor.', 1, '2018-10-23 14:15:01', '2018-10-23 14:15:01'),
(298, 3, 'Mrs. Jaqueline Deckow PhD', 'Accusamus eos excepturi doloribus sunt eos maxime voluptatem ipsam. Sed nobis assumenda aut harum qui commodi. Voluptatem facere recusandae id odio incidunt ut. Modi aspernatur repellendus minus rerum pariatur id nihil voluptatem.', 1, '2018-10-23 14:15:01', '2018-10-23 14:15:01'),
(299, 19, 'Dr. Selina Armstrong DDS', 'In quo vitae fugit corporis veritatis non. Rem fuga nobis atque consequatur doloremque mollitia dolor velit. Aliquam est in tenetur.', 2, '2018-10-23 14:15:01', '2018-10-23 14:15:01'),
(300, 1, 'Dr. Jaren Hudson', 'Eaque soluta velit suscipit nesciunt. Cum sapiente eos voluptates nostrum non hic vero est. Earum quisquam consequatur et aperiam ducimus quidem.', 4, '2018-10-23 14:15:01', '2018-10-23 14:15:01');

-- --------------------------------------------------------

--
-- Table structure for table `users`
--

DROP TABLE IF EXISTS `users`;
CREATE TABLE IF NOT EXISTS `users` (
  `id` int(10) UNSIGNED NOT NULL AUTO_INCREMENT,
  `name` varchar(255) COLLATE utf8_unicode_ci NOT NULL,
  `email` varchar(255) COLLATE utf8_unicode_ci NOT NULL,
  `email_verified_at` timestamp NULL DEFAULT NULL,
  `password` varchar(255) COLLATE utf8_unicode_ci NOT NULL,
  `remember_token` varchar(100) COLLATE utf8_unicode_ci DEFAULT NULL,
  `created_at` timestamp NULL DEFAULT NULL,
  `updated_at` timestamp NULL DEFAULT NULL,
  PRIMARY KEY (`id`),
  UNIQUE KEY `users_email_unique` (`email`)
) ENGINE=MyISAM DEFAULT CHARSET=utf8 COLLATE=utf8_unicode_ci;
COMMIT;

/*!40101 SET CHARACTER_SET_CLIENT=@OLD_CHARACTER_SET_CLIENT */;
/*!40101 SET CHARACTER_SET_RESULTS=@OLD_CHARACTER_SET_RESULTS */;
/*!40101 SET COLLATION_CONNECTION=@OLD_COLLATION_CONNECTION */;
